Year,Статус наблюдения,Множитель,Характер данных,Частота наблюдений,Тип отчетности,Series,Территория,Пол,Возраст,Units,Value
2007,Нормальное значение,Единицы,Страновые данные,Годовая,Национальный,SI_POV_NAHC,,,,PT,35.0
2008,Нормальное значение,Единицы,Страновые данные,Годовая,Национальный,SI_POV_NAHC,,,,PT,31.7
2009,Нормальное значение,Единицы,Страновые данные,Годовая,Национальный,SI_POV_NAHC,,,,PT,31.7
2010,Нормальное значение,Единицы,Страновые данные,Годовая,Национальный,SI_POV_NAHC,,,,PT,33.7
2011,Нормальное значение,Единицы,Страновые данные,Годовая,Национальный,SI_POV_NAHC,,,,PT,36.8
2012,Нормальное значение,Единицы,Страновые данные,Годовая,Национальный,SI_POV_NAHC,,,,PT,38.0
2013,Нормальное значение,Единицы,Страновые данные,Годовая,Национальный,SI_POV_NAHC,,,,PT,37.0
2014,Нормальное значение,Единицы,Страновые данные,Годовая,Национальный,SI_POV_NAHC,,,,PT,30.6
2015,Нормальное значение,Единицы,Страновые данные,Годовая,Национальный,SI_POV_NAHC,,,,PT,32.1
2016,Нормальное значение,Единицы,Страновые данные,Годовая,Национальный,SI_POV_NAHC,,,,PT,25.4
2017,Нормальное значение,Единицы,Страновые данные,Годовая,Национальный,SI_POV_NAHC,,,,PT,25.6
2018,Нормальное значение,Единицы,Страновые данные,Годовая,Национальный,SI_POV_NAHC,,,,PT,22.4
2019,Нормальное значение,Единицы,Страновые данные,Годовая,Национальный,SI_POV_NAHC,,,,PT,20.1
2007,Нормальное значение,Единицы,Страновые данные,Годовая,Национальный,SI_POV_NAHC,,Женщины,,PT,34.7
2008,Нормальное значение,Единицы,Страновые данные,Годовая,Национальный,SI_POV_NAHC,,Женщины,,PT,31.4
2009,Нормальное значение,Единицы,Страновые данные,Годовая,Национальный,SI_POV_NAHC,,Женщины,,PT,30.7
2010,Нормальное значение,Единицы,Страновые данные,Годовая,Национальный,SI_POV_NAHC,,Женщины,,PT,32.7
2011,Нормальное значение,Единицы,Страновые данные,Годовая,Национальный,SI_POV_NAHC,,Женщины,,PT,36.1
2012,Нормальное значение,Единицы,Страновые данные,Годовая,Национальный,SI_POV_NAHC,,Женщины,,PT,37.2
2013,Нормальное значение,Единицы,Страновые данные,Годовая,Национальный,SI_POV_NAHC,,Женщины,,PT,36.5
2014,Нормальное значение,Единицы,Страновые данные,Годовая,Национальный,SI_POV_NAHC,,Женщины,,PT,29.7
2015,Нормальное значение,Единицы,Страновые данные,Годовая,Национальный,SI_POV_NAHC,,Женщины,,PT,31.5
2016,Нормальное значение,Единицы,Страновые данные,Годовая,Национальный,SI_POV_NAHC,,Женщины,,PT,25.0
2017,Нормальное значение,Единицы,Страновые данные,Годовая,Национальный,SI_POV_NAHC,,Женщины,,PT,25.0
2018,Нормальное значение,Единицы,Страновые данные,Годовая,Национальный,SI_POV_NAHC,,Женщины,,PT,22.5
2019,Нормальное значение,Единицы,Страновые данные,Годовая,Национальный,SI_POV_NAHC,,Женщины,,PT,20.1
2007,Нормальное значение,Единицы,Страновые данные,Годовая,Национальный,SI_POV_NAHC,,Мужчины,,PT,35.4
2008,Нормальное значение,Единицы,Страновые данные,Годовая,Национальный,SI_POV_NAHC,,Мужчины,,PT,32.1
2009,Нормальное значение,Единицы,Страновые данные,Годовая,Национальный,SI_POV_NAHC,,Мужчины,,PT,32.9
2010,Нормальное значение,Единицы,Страновые данные,Годовая,Национальный,SI_POV_NAHC,,Мужчины,,PT,34.8
2011,Нормальное значение,Единицы,Страновые данные,Годовая,Национальный,SI_POV_NAHC,,Мужчины,,PT,37.6
2012,Нормальное значение,Единицы,Страновые данные,Годовая,Национальный,SI_POV_NAHC,,Мужчины,,PT,39.0
2013,Нормальное значение,Единицы,Страновые данные,Годовая,Национальный,SI_POV_NAHC,,Мужчины,,PT,37.5
2014,Нормальное значение,Единицы,Страновые данные,Годовая,Национальный,SI_POV_NAHC,,Мужчины,,PT,31.5
2015,Нормальное значение,Единицы,Страновые данные,Годовая,Национальный,SI_POV_NAHC,,Мужчины,,PT,32.7
2016,Нормальное значение,Единицы,Страновые данные,Годовая,Национальный,SI_POV_NAHC,,Мужчины,,PT,25.7
2017,Нормальное значение,Единицы,Страновые данные,Годовая,Национальный,SI_POV_NAHC,,Мужчины,,PT,26.3
2018,Нормальное значение,Единицы,Страновые данные,Годовая,Национальный,SI_POV_NAHC,,Мужчины,,PT,22.2
2019,Нормальное значение,Единицы,Страновые данные,Годовая,Национальный,SI_POV_NAHC,,Мужчины,,PT,20.2
2013,Нормальное значение,Единицы,Страновые данные,Годовая,Национальный,SI_POV_NAHC,,,до 17 лет,PT,45.2
2014,Нормальное значение,Единицы,Страновые данные,Годовая,Национальный,SI_POV_NAHC,,,до 17 лет,PT,37.9
2015,Нормальное значение,Единицы,Страновые данные,Годовая,Национальный,SI_POV_NAHC,,,до 17 лет,PT,40.5
2016,Нормальное значение,Единицы,Страновые данные,Годовая,Национальный,SI_POV_NAHC,,,до 17 лет,PT,31.5
2017,Нормальное значение,Единицы,Страновые данные,Годовая,Национальный,SI_POV_NAHC,,,до 17 лет,PT,32.0
2018,Нормальное значение,Единицы,Страновые данные,Годовая,Национальный,SI_POV_NAHC,,,до 17 лет,PT,28.3
2019,Нормальное значение,Единицы,Страновые данные,Годовая,Национальный,SI_POV_NAHC,,,до 17 лет,PT,25.7
2013,Нормальное значение,Единицы,Страновые данные,Годовая,Национальный,SI_POV_NAHC,,,от 14 до 28 лет ,PT,35.6
2014,Нормальное значение,Единицы,Страновые данные,Годовая,Национальный,SI_POV_NAHC,,,от 14 до 28 лет ,PT,28.5
2015,Нормальное значение,Единицы,Страновые данные,Годовая,Национальный,SI_POV_NAHC,,,от 14 до 28 лет ,PT,29.0
2016,Нормальное значение,Единицы,Страновые данные,Годовая,Национальный,SI_POV_NAHC,,,от 14 до 28 лет ,PT,23.0
2017,Нормальное значение,Единицы,Страновые данные,Годовая,Национальный,SI_POV_NAHC,,,от 14 до 28 лет ,PT,22.9
2018,Нормальное значение,Единицы,Страновые данные,Годовая,Национальный,SI_POV_NAHC,,,от 14 до 28 лет ,PT,20.9
2019,Нормальное значение,Единицы,Страновые данные,Годовая,Национальный,SI_POV_NAHC,,,от 14 до 28 лет ,PT,16.2
2013,Нормальное значение,Единицы,Страновые данные,Годовая,Национальный,SI_POV_NAHC,,,"от 16 до 62 лет (население трудоспособного возраста: женщины 16-57 лет, мужчины 16-62 лет)",PT,33.3
2014,Нормальное значение,Единицы,Страновые данные,Годовая,Национальный,SI_POV_NAHC,,,"от 16 до 62 лет (население трудоспособного возраста: женщины 16-57 лет, мужчины 16-62 лет)",PT,27.0
2015,Нормальное значение,Единицы,Страновые данные,Годовая,Национальный,SI_POV_NAHC,,,"от 16 до 62 лет (население трудоспособного возраста: женщины 16-57 лет, мужчины 16-62 лет)",PT,27.9
2016,Нормальное значение,Единицы,Страновые данные,Годовая,Национальный,SI_POV_NAHC,,,"от 16 до 62 лет (население трудоспособного возраста: женщины 16-57 лет, мужчины 16-62 лет)",PT,21.8
2017,Нормальное значение,Единицы,Страновые данные,Годовая,Национальный,SI_POV_NAHC,,,"от 16 до 62 лет (население трудоспособного возраста: женщины 16-57 лет, мужчины 16-62 лет)",PT,22.0
2018,Нормальное значение,Единицы,Страновые данные,Годовая,Национальный,SI_POV_NAHC,,,"от 16 до 62 лет (население трудоспособного возраста: женщины 16-57 лет, мужчины 16-62 лет)",PT,19.3
2019,Нормальное значение,Единицы,Страновые данные,Годовая,Национальный,SI_POV_NAHC,,,"от 16 до 62 лет (население трудоспособного возраста: женщины 16-57 лет, мужчины 16-62 лет)",PT,17.1
2013,Нормальное значение,Единицы,Страновые данные,Годовая,Национальный,SI_POV_NAHC,,,"58 лет и старше (население старше струдоспособного возраста: женщины 58 лет и старше, мужчины 63 лет и старше)",PT,25.2
2014,Нормальное значение,Единицы,Страновые данные,Годовая,Национальный,SI_POV_NAHC,,,"58 лет и старше (население старше струдоспособного возраста: женщины 58 лет и старше, мужчины 63 лет и старше)",PT,21.3
2015,Нормальное значение,Единицы,Страновые данные,Годовая,Национальный,SI_POV_NAHC,,,"58 лет и старше (население старше струдоспособного возраста: женщины 58 лет и старше, мужчины 63 лет и старше)",PT,21.8
2016,Нормальное значение,Единицы,Страновые данные,Годовая,Национальный,SI_POV_NAHC,,,"58 лет и старше (население старше струдоспособного возраста: женщины 58 лет и старше, мужчины 63 лет и старше)",PT,19.9
2017,Нормальное значение,Единицы,Страновые данные,Годовая,Национальный,SI_POV_NAHC,,,"58 лет и старше (население старше струдоспособного возраста: женщины 58 лет и старше, мужчины 63 лет и старше)",PT,18.9
2018,Нормальное значение,Единицы,Страновые данные,Годовая,Национальный,SI_POV_NAHC,,,"58 лет и старше (население старше струдоспособного возраста: женщины 58 лет и старше, мужчины 63 лет и старше)",PT,14.8
2019,Нормальное значение,Единицы,Страновые данные,Годовая,Национальный,SI_POV_NAHC,,,"58 лет и старше (население старше струдоспособного возраста: женщины 58 лет и старше, мужчины 63 лет и старше)",PT,13.3
2007,Нормальное значение,Единицы,Страновые данные,Годовая,Национальный,SI_POV_NAHC,Баткенская область,,,PT,40.4
2008,Нормальное значение,Единицы,Страновые данные,Годовая,Национальный,SI_POV_NAHC,Баткенская область,,,PT,20.7
2009,Нормальное значение,Единицы,Страновые данные,Годовая,Национальный,SI_POV_NAHC,Баткенская область,,,PT,31.5
2010,Нормальное значение,Единицы,Страновые данные,Годовая,Национальный,SI_POV_NAHC,Баткенская область,,,PT,33.6
2011,Нормальное значение,Единицы,Страновые данные,Годовая,Национальный,SI_POV_NAHC,Баткенская область,,,PT,35.6
2012,Нормальное значение,Единицы,Страновые данные,Годовая,Национальный,SI_POV_NAHC,Баткенская область,,,PT,34.2
2013,Нормальное значение,Единицы,Страновые данные,Годовая,Национальный,SI_POV_NAHC,Баткенская область,,,PT,53.9
2014,Нормальное значение,Единицы,Страновые данные,Годовая,Национальный,SI_POV_NAHC,Баткенская область,,,PT,40.7
2015,Нормальное значение,Единицы,Страновые данные,Годовая,Национальный,SI_POV_NAHC,Баткенская область,,,PT,41.2
2016,Нормальное значение,Единицы,Страновые данные,Годовая,Национальный,SI_POV_NAHC,Баткенская область,,,PT,37.0
2017,Нормальное значение,Единицы,Страновые данные,Годовая,Национальный,SI_POV_NAHC,Баткенская область,,,PT,40.5
2018,Нормальное значение,Единицы,Страновые данные,Годовая,Национальный,SI_POV_NAHC,Баткенская область,,,PT,33.8
2019,Нормальное значение,Единицы,Страновые данные,Годовая,Национальный,SI_POV_NAHC,Баткенская область,,,PT,32.6
2007,Нормальное значение,Единицы,Страновые данные,Годовая,Национальный,SI_POV_NAHC,Баткенская область,Женщины,,PT,41.3
2008,Нормальное значение,Единицы,Страновые данные,Годовая,Национальный,SI_POV_NAHC,Баткенская область,Женщины,,PT,22.4
2009,Нормальное значение,Единицы,Страновые данные,Годовая,Национальный,SI_POV_NAHC,Баткенская область,Женщины,,PT,31.3
2010,Нормальное значение,Единицы,Страновые данные,Годовая,Национальный,SI_POV_NAHC,Баткенская область,Женщины,,PT,31.9
2011,Нормальное значение,Единицы,Страновые данные,Годовая,Национальный,SI_POV_NAHC,Баткенская область,Женщины,,PT,34.2
2012,Нормальное значение,Единицы,Страновые данные,Годовая,Национальный,SI_POV_NAHC,Баткенская область,Женщины,,PT,34.6
2013,Нормальное значение,Единицы,Страновые данные,Годовая,Национальный,SI_POV_NAHC,Баткенская область,Женщины,,PT,53.6
2014,Нормальное значение,Единицы,Страновые данные,Годовая,Национальный,SI_POV_NAHC,Баткенская область,Женщины,,PT,39.0
2015,Нормальное значение,Единицы,Страновые данные,Годовая,Национальный,SI_POV_NAHC,Баткенская область,Женщины,,PT,40.9
2016,Нормальное значение,Единицы,Страновые данные,Годовая,Национальный,SI_POV_NAHC,Баткенская область,Женщины,,PT,36.1
2017,Нормальное значение,Единицы,Страновые данные,Годовая,Национальный,SI_POV_NAHC,Баткенская область,Женщины,,PT,39.6
2018,Нормальное значение,Единицы,Страновые данные,Годовая,Национальный,SI_POV_NAHC,Баткенская область,Женщины,,PT,33.7
2019,Нормальное значение,Единицы,Страновые данные,Годовая,Национальный,SI_POV_NAHC,Баткенская область,Женщины,,PT,32.4
2007,Нормальное значение,Единицы,Страновые данные,Годовая,Национальный,SI_POV_NAHC,Баткенская область,Мужчины,,PT,39.4
2008,Нормальное значение,Единицы,Страновые данные,Годовая,Национальный,SI_POV_NAHC,Баткенская область,Мужчины,,PT,18.8
2009,Нормальное значение,Единицы,Страновые данные,Годовая,Национальный,SI_POV_NAHC,Баткенская область,Мужчины,,PT,31.7
2010,Нормальное значение,Единицы,Страновые данные,Годовая,Национальный,SI_POV_NAHC,Баткенская область,Мужчины,,PT,35.6
2011,Нормальное значение,Единицы,Страновые данные,Годовая,Национальный,SI_POV_NAHC,Баткенская область,Мужчины,,PT,37.3
2012,Нормальное значение,Единицы,Страновые данные,Годовая,Национальный,SI_POV_NAHC,Баткенская область,Мужчины,,PT,33.8
2013,Нормальное значение,Единицы,Страновые данные,Годовая,Национальный,SI_POV_NAHC,Баткенская область,Мужчины,,PT,54.1
2014,Нормальное значение,Единицы,Страновые данные,Годовая,Национальный,SI_POV_NAHC,Баткенская область,Мужчины,,PT,42.4
2015,Нормальное значение,Единицы,Страновые данные,Годовая,Национальный,SI_POV_NAHC,Баткенская область,Мужчины,,PT,41.4
2016,Нормальное значение,Единицы,Страновые данные,Годовая,Национальный,SI_POV_NAHC,Баткенская область,Мужчины,,PT,38.0
2017,Нормальное значение,Единицы,Страновые данные,Годовая,Национальный,SI_POV_NAHC,Баткенская область,Мужчины,,PT,41.5
2018,Нормальное значение,Единицы,Страновые данные,Годовая,Национальный,SI_POV_NAHC,Баткенская область,Мужчины,,PT,33.9
2019,Нормальное значение,Единицы,Страновые данные,Годовая,Национальный,SI_POV_NAHC,Баткенская область,Мужчины,,PT,32.8
2007,Нормальное значение,Единицы,Страновые данные,Годовая,Национальный,SI_POV_NAHC,Джалал-Абадская область,,,PT,53.0
2008,Нормальное значение,Единицы,Страновые данные,Годовая,Национальный,SI_POV_NAHC,Джалал-Абадская область,,,PT,40.1
2009,Нормальное значение,Единицы,Страновые данные,Годовая,Национальный,SI_POV_NAHC,Джалал-Абадская область,,,PT,36.9
2010,Нормальное значение,Единицы,Страновые данные,Годовая,Национальный,SI_POV_NAHC,Джалал-Абадская область,,,PT,44.7
2011,Нормальное значение,Единицы,Страновые данные,Годовая,Национальный,SI_POV_NAHC,Джалал-Абадская область,,,PT,45.3
2012,Нормальное значение,Единицы,Страновые данные,Годовая,Национальный,SI_POV_NAHC,Джалал-Абадская область,,,PT,55.7
2013,Нормальное значение,Единицы,Страновые данные,Годовая,Национальный,SI_POV_NAHC,Джалал-Абадская область,,,PT,46.4
2014,Нормальное значение,Единицы,Страновые данные,Годовая,Национальный,SI_POV_NAHC,Джалал-Абадская область,,,PT,46.4
2015,Нормальное значение,Единицы,Страновые данные,Годовая,Национальный,SI_POV_NAHC,Джалал-Абадская область,,,PT,45.1
2016,Нормальное значение,Единицы,Страновые данные,Годовая,Национальный,SI_POV_NAHC,Джалал-Абадская область,,,PT,32.2
2017,Нормальное значение,Единицы,Страновые данные,Годовая,Национальный,SI_POV_NAHC,Джалал-Абадская область,,,PT,32.6
2018,Нормальное значение,Единицы,Страновые данные,Годовая,Национальный,SI_POV_NAHC,Джалал-Абадская область,,,PT,32.2
2019,Нормальное значение,Единицы,Страновые данные,Годовая,Национальный,SI_POV_NAHC,Джалал-Абадская область,,,PT,26.9
2007,Нормальное значение,Единицы,Страновые данные,Годовая,Национальный,SI_POV_NAHC,Джалал-Абадская область,Женщины,,PT,51.6
2008,Нормальное значение,Единицы,Страновые данные,Годовая,Национальный,SI_POV_NAHC,Джалал-Абадская область,Женщины,,PT,37.9
2009,Нормальное значение,Единицы,Страновые данные,Годовая,Национальный,SI_POV_NAHC,Джалал-Абадская область,Женщины,,PT,33.5
2010,Нормальное значение,Единицы,Страновые данные,Годовая,Национальный,SI_POV_NAHC,Джалал-Абадская область,Женщины,,PT,43.7
2011,Нормальное значение,Единицы,Страновые данные,Годовая,Национальный,SI_POV_NAHC,Джалал-Абадская область,Женщины,,PT,43.7
2012,Нормальное значение,Единицы,Страновые данные,Годовая,Национальный,SI_POV_NAHC,Джалал-Абадская область,Женщины,,PT,55.3
2013,Нормальное значение,Единицы,Страновые данные,Годовая,Национальный,SI_POV_NAHC,Джалал-Абадская область,Женщины,,PT,47.4
2014,Нормальное значение,Единицы,Страновые данные,Годовая,Национальный,SI_POV_NAHC,Джалал-Абадская область,Женщины,,PT,47.0
2015,Нормальное значение,Единицы,Страновые данные,Годовая,Национальный,SI_POV_NAHC,Джалал-Абадская область,Женщины,,PT,45.2
2016,Нормальное значение,Единицы,Страновые данные,Годовая,Национальный,SI_POV_NAHC,Джалал-Абадская область,Женщины,,PT,33.1
2017,Нормальное значение,Единицы,Страновые данные,Годовая,Национальный,SI_POV_NAHC,Джалал-Абадская область,Женщины,,PT,34.0
2018,Нормальное значение,Единицы,Страновые данные,Годовая,Национальный,SI_POV_NAHC,Джалал-Абадская область,Женщины,,PT,33.4
2019,Нормальное значение,Единицы,Страновые данные,Годовая,Национальный,SI_POV_NAHC,Джалал-Абадская область,Женщины,,PT,27.8
2007,Нормальное значение,Единицы,Страновые данные,Годовая,Национальный,SI_POV_NAHC,Джалал-Абадская область,Мужчины,,PT,54.6
2008,Нормальное значение,Единицы,Страновые данные,Годовая,Национальный,SI_POV_NAHC,Джалал-Абадская область,Мужчины,,PT,42.4
2009,Нормальное значение,Единицы,Страновые данные,Годовая,Национальный,SI_POV_NAHC,Джалал-Абадская область,Мужчины,,PT,40.5
2010,Нормальное значение,Единицы,Страновые данные,Годовая,Национальный,SI_POV_NAHC,Джалал-Абадская область,Мужчины,,PT,45.8
2011,Нормальное значение,Единицы,Страновые данные,Годовая,Национальный,SI_POV_NAHC,Джалал-Абадская область,Мужчины,,PT,46.9
2012,Нормальное значение,Единицы,Страновые данные,Годовая,Национальный,SI_POV_NAHC,Джалал-Абадская область,Мужчины,,PT,56.1
2013,Нормальное значение,Единицы,Страновые данные,Годовая,Национальный,SI_POV_NAHC,Джалал-Абадская область,Мужчины,,PT,45.5
2014,Нормальное значение,Единицы,Страновые данные,Годовая,Национальный,SI_POV_NAHC,Джалал-Абадская область,Мужчины,,PT,45.8
2015,Нормальное значение,Единицы,Страновые данные,Годовая,Национальный,SI_POV_NAHC,Джалал-Абадская область,Мужчины,,PT,44.9
2016,Нормальное значение,Единицы,Страновые данные,Годовая,Национальный,SI_POV_NAHC,Джалал-Абадская область,Мужчины,,PT,31.4
2017,Нормальное значение,Единицы,Страновые данные,Годовая,Национальный,SI_POV_NAHC,Джалал-Абадская область,Мужчины,,PT,31.1
2018,Нормальное значение,Единицы,Страновые данные,Годовая,Национальный,SI_POV_NAHC,Джалал-Абадская область,Мужчины,,PT,30.9
2019,Нормальное значение,Единицы,Страновые данные,Годовая,Национальный,SI_POV_NAHC,Джалал-Абадская область,Мужчины,,PT,26.0
2007,Нормальное значение,Единицы,Страновые данные,Годовая,Национальный,SI_POV_NAHC,Иссык-Кульская область,,,PT,38.6
2008,Нормальное значение,Единицы,Страновые данные,Годовая,Национальный,SI_POV_NAHC,Иссык-Кульская область,,,PT,52.2
2009,Нормальное значение,Единицы,Страновые данные,Годовая,Национальный,SI_POV_NAHC,Иссык-Кульская область,,,PT,46.1
2010,Нормальное значение,Единицы,Страновые данные,Годовая,Национальный,SI_POV_NAHC,Иссык-Кульская область,,,PT,38.0
2011,Нормальное значение,Единицы,Страновые данные,Годовая,Национальный,SI_POV_NAHC,Иссык-Кульская область,,,PT,29.5
2012,Нормальное значение,Единицы,Страновые данные,Годовая,Национальный,SI_POV_NAHC,Иссык-Кульская область,,,PT,28.1
2013,Нормальное значение,Единицы,Страновые данные,Годовая,Национальный,SI_POV_NAHC,Иссык-Кульская область,,,PT,39.5
2014,Нормальное значение,Единицы,Страновые данные,Годовая,Национальный,SI_POV_NAHC,Иссык-Кульская область,,,PT,26.0
2015,Нормальное значение,Единицы,Страновые данные,Годовая,Национальный,SI_POV_NAHC,Иссык-Кульская область,,,PT,28.9
2016,Нормальное значение,Единицы,Страновые данные,Годовая,Национальный,SI_POV_NAHC,Иссык-Кульская область,,,PT,24.7
2017,Нормальное значение,Единицы,Страновые данные,Годовая,Национальный,SI_POV_NAHC,Иссык-Кульская область,,,PT,24.2
2018,Нормальное значение,Единицы,Страновые данные,Годовая,Национальный,SI_POV_NAHC,Иссык-Кульская область,,,PT,21.5
2019,Нормальное значение,Единицы,Страновые данные,Годовая,Национальный,SI_POV_NAHC,Иссык-Кульская область,,,PT,24.4
2007,Нормальное значение,Единицы,Страновые данные,Годовая,Национальный,SI_POV_NAHC,Иссык-Кульская область,Женщины,,PT,38.7
2008,Нормальное значение,Единицы,Страновые данные,Годовая,Национальный,SI_POV_NAHC,Иссык-Кульская область,Женщины,,PT,52.2
2009,Нормальное значение,Единицы,Страновые данные,Годовая,Национальный,SI_POV_NAHC,Иссык-Кульская область,Женщины,,PT,47.9
2010,Нормальное значение,Единицы,Страновые данные,Годовая,Национальный,SI_POV_NAHC,Иссык-Кульская область,Женщины,,PT,36.9
2011,Нормальное значение,Единицы,Страновые данные,Годовая,Национальный,SI_POV_NAHC,Иссык-Кульская область,Женщины,,PT,31.1
2012,Нормальное значение,Единицы,Страновые данные,Годовая,Национальный,SI_POV_NAHC,Иссык-Кульская область,Женщины,,PT,28.2
2013,Нормальное значение,Единицы,Страновые данные,Годовая,Национальный,SI_POV_NAHC,Иссык-Кульская область,Женщины,,PT,40.4
2014,Нормальное значение,Единицы,Страновые данные,Годовая,Национальный,SI_POV_NAHC,Иссык-Кульская область,Женщины,,PT,26.4
2015,Нормальное значение,Единицы,Страновые данные,Годовая,Национальный,SI_POV_NAHC,Иссык-Кульская область,Женщины,,PT,29.1
2016,Нормальное значение,Единицы,Страновые данные,Годовая,Национальный,SI_POV_NAHC,Иссык-Кульская область,Женщины,,PT,24.7
2017,Нормальное значение,Единицы,Страновые данные,Годовая,Национальный,SI_POV_NAHC,Иссык-Кульская область,Женщины,,PT,24.3
2018,Нормальное значение,Единицы,Страновые данные,Годовая,Национальный,SI_POV_NAHC,Иссык-Кульская область,Женщины,,PT,21.5
2019,Нормальное значение,Единицы,Страновые данные,Годовая,Национальный,SI_POV_NAHC,Иссык-Кульская область,Женщины,,PT,25.3
2007,Нормальное значение,Единицы,Страновые данные,Годовая,Национальный,SI_POV_NAHC,Иссык-Кульская область,Мужчины,,PT,38.5
2008,Нормальное значение,Единицы,Страновые данные,Годовая,Национальный,SI_POV_NAHC,Иссык-Кульская область,Мужчины,,PT,52.3
2009,Нормальное значение,Единицы,Страновые данные,Годовая,Национальный,SI_POV_NAHC,Иссык-Кульская область,Мужчины,,PT,44.5
2010,Нормальное значение,Единицы,Страновые данные,Годовая,Национальный,SI_POV_NAHC,Иссык-Кульская область,Мужчины,,PT,39.0
2011,Нормальное значение,Единицы,Страновые данные,Годовая,Национальный,SI_POV_NAHC,Иссык-Кульская область,Мужчины,,PT,28.1
2012,Нормальное значение,Единицы,Страновые данные,Годовая,Национальный,SI_POV_NAHC,Иссык-Кульская область,Мужчины,,PT,28.0
2013,Нормальное значение,Единицы,Страновые данные,Годовая,Национальный,SI_POV_NAHC,Иссык-Кульская область,Мужчины,,PT,38.5
2014,Нормальное значение,Единицы,Страновые данные,Годовая,Национальный,SI_POV_NAHC,Иссык-Кульская область,Мужчины,,PT,25.7
2015,Нормальное значение,Единицы,Страновые данные,Годовая,Национальный,SI_POV_NAHC,Иссык-Кульская область,Мужчины,,PT,28.7
2016,Нормальное значение,Единицы,Страновые данные,Годовая,Национальный,SI_POV_NAHC,Иссык-Кульская область,Мужчины,,PT,24.7
2017,Нормальное значение,Единицы,Страновые данные,Годовая,Национальный,SI_POV_NAHC,Иссык-Кульская область,Мужчины,,PT,24.1
2018,Нормальное значение,Единицы,Страновые данные,Годовая,Национальный,SI_POV_NAHC,Иссык-Кульская область,Мужчины,,PT,21.6
2019,Нормальное значение,Единицы,Страновые данные,Годовая,Национальный,SI_POV_NAHC,Иссык-Кульская область,Мужчины,,PT,23.6
2007,Нормальное значение,Единицы,Страновые данные,Годовая,Национальный,SI_POV_NAHC,Нарынская область,,,PT,45.2
2008,Нормальное значение,Единицы,Страновые данные,Годовая,Национальный,SI_POV_NAHC,Нарынская область,,,PT,42.7
2009,Нормальное значение,Единицы,Страновые данные,Годовая,Национальный,SI_POV_NAHC,Нарынская область,,,PT,44.1
2010,Нормальное значение,Единицы,Страновые данные,Годовая,Национальный,SI_POV_NAHC,Нарынская область,,,PT,53.5
2011,Нормальное значение,Единицы,Страновые данные,Годовая,Национальный,SI_POV_NAHC,Нарынская область,,,PT,49.9
2012,Нормальное значение,Единицы,Страновые данные,Годовая,Национальный,SI_POV_NAHC,Нарынская область,,,PT,39.9
2013,Нормальное значение,Единицы,Страновые данные,Годовая,Национальный,SI_POV_NAHC,Нарынская область,,,PT,43.8
2014,Нормальное значение,Единицы,Страновые данные,Годовая,Национальный,SI_POV_NAHC,Нарынская область,,,PT,30.6
2015,Нормальное значение,Единицы,Страновые данные,Годовая,Национальный,SI_POV_NAHC,Нарынская область,,,PT,38.0
2016,Нормальное значение,Единицы,Страновые данные,Годовая,Национальный,SI_POV_NAHC,Нарынская область,,,PT,37.8
2017,Нормальное значение,Единицы,Страновые данные,Годовая,Национальный,SI_POV_NAHC,Нарынская область,,,PT,29.2
2018,Нормальное значение,Единицы,Страновые данные,Годовая,Национальный,SI_POV_NAHC,Нарынская область,,,PT,30.6
2019,Нормальное значение,Единицы,Страновые данные,Годовая,Национальный,SI_POV_NAHC,Нарынская область,,,PT,28.1
2007,Нормальное значение,Единицы,Страновые данные,Годовая,Национальный,SI_POV_NAHC,Нарынская область,Женщины,,PT,46.9
2008,Нормальное значение,Единицы,Страновые данные,Годовая,Национальный,SI_POV_NAHC,Нарынская область,Женщины,,PT,42.7
2009,Нормальное значение,Единицы,Страновые данные,Годовая,Национальный,SI_POV_NAHC,Нарынская область,Женщины,,PT,44.8
2010,Нормальное значение,Единицы,Страновые данные,Годовая,Национальный,SI_POV_NAHC,Нарынская область,Женщины,,PT,53.4
2011,Нормальное значение,Единицы,Страновые данные,Годовая,Национальный,SI_POV_NAHC,Нарынская область,Женщины,,PT,48.3
2012,Нормальное значение,Единицы,Страновые данные,Годовая,Национальный,SI_POV_NAHC,Нарынская область,Женщины,,PT,37.7
2013,Нормальное значение,Единицы,Страновые данные,Годовая,Национальный,SI_POV_NAHC,Нарынская область,Женщины,,PT,44.8
2014,Нормальное значение,Единицы,Страновые данные,Годовая,Национальный,SI_POV_NAHC,Нарынская область,Женщины,,PT,32.4
2015,Нормальное значение,Единицы,Страновые данные,Годовая,Национальный,SI_POV_NAHC,Нарынская область,Женщины,,PT,39.5
2016,Нормальное значение,Единицы,Страновые данные,Годовая,Национальный,SI_POV_NAHC,Нарынская область,Женщины,,PT,39.6
2017,Нормальное значение,Единицы,Страновые данные,Годовая,Национальный,SI_POV_NAHC,Нарынская область,Женщины,,PT,31.2
2018,Нормальное значение,Единицы,Страновые данные,Годовая,Национальный,SI_POV_NAHC,Нарынская область,Женщины,,PT,31.6
2019,Нормальное значение,Единицы,Страновые данные,Годовая,Национальный,SI_POV_NAHC,Нарынская область,Женщины,,PT,29.0
2007,Нормальное значение,Единицы,Страновые данные,Годовая,Национальный,SI_POV_NAHC,Нарынская область,Мужчины,,PT,43.7
2008,Нормальное значение,Единицы,Страновые данные,Годовая,Национальный,SI_POV_NAHC,Нарынская область,Мужчины,,PT,42.8
2009,Нормальное значение,Единицы,Страновые данные,Годовая,Национальный,SI_POV_NAHC,Нарынская область,Мужчины,,PT,43.5
2010,Нормальное значение,Единицы,Страновые данные,Годовая,Национальный,SI_POV_NAHC,Нарынская область,Мужчины,,PT,53.7
2011,Нормальное значение,Единицы,Страновые данные,Годовая,Национальный,SI_POV_NAHC,Нарынская область,Мужчины,,PT,51.7
2012,Нормальное значение,Единицы,Страновые данные,Годовая,Национальный,SI_POV_NAHC,Нарынская область,Мужчины,,PT,42.4
2013,Нормальное значение,Единицы,Страновые данные,Годовая,Национальный,SI_POV_NAHC,Нарынская область,Мужчины,,PT,42.7
2014,Нормальное значение,Единицы,Страновые данные,Годовая,Национальный,SI_POV_NAHC,Нарынская область,Мужчины,,PT,28.6
2015,Нормальное значение,Единицы,Страновые данные,Годовая,Национальный,SI_POV_NAHC,Нарынская область,Мужчины,,PT,36.4
2016,Нормальное значение,Единицы,Страновые данные,Годовая,Национальный,SI_POV_NAHC,Нарынская область,Мужчины,,PT,35.9
2017,Нормальное значение,Единицы,Страновые данные,Годовая,Национальный,SI_POV_NAHC,Нарынская область,Мужчины,,PT,27.1
2018,Нормальное значение,Единицы,Страновые данные,Годовая,Национальный,SI_POV_NAHC,Нарынская область,Мужчины,,PT,29.5
2019,Нормальное значение,Единицы,Страновые данные,Годовая,Национальный,SI_POV_NAHC,Нарынская область,Мужчины,,PT,27.2
2007,Нормальное значение,Единицы,Страновые данные,Годовая,Национальный,SI_POV_NAHC,Ошская область,,,PT,46.6
2008,Нормальное значение,Единицы,Страновые данные,Годовая,Национальный,SI_POV_NAHC,Ошская область,,,PT,37.5
2009,Нормальное значение,Единицы,Страновые данные,Годовая,Национальный,SI_POV_NAHC,Ошская область,,,PT,38.3
2010,Нормальное значение,Единицы,Страновые данные,Годовая,Национальный,SI_POV_NAHC,Ошская область,,,PT,41.9
2011,Нормальное значение,Единицы,Страновые данные,Годовая,Национальный,SI_POV_NAHC,Ошская область,,,PT,44.7
2012,Нормальное значение,Единицы,Страновые данные,Годовая,Национальный,SI_POV_NAHC,Ошская область,,,PT,51.4
2013,Нормальное значение,Единицы,Страновые данные,Годовая,Национальный,SI_POV_NAHC,Ошская область,,,PT,43.4
2014,Нормальное значение,Единицы,Страновые данные,Годовая,Национальный,SI_POV_NAHC,Ошская область,,,PT,31.7
2015,Нормальное значение,Единицы,Страновые данные,Годовая,Национальный,SI_POV_NAHC,Ошская область,,,PT,28.9
2016,Нормальное значение,Единицы,Страновые данные,Годовая,Национальный,SI_POV_NAHC,Ошская область,,,PT,22.0
2017,Нормальное значение,Единицы,Страновые данные,Годовая,Национальный,SI_POV_NAHC,Ошская область,,,PT,14.3
2018,Нормальное значение,Единицы,Страновые данные,Годовая,Национальный,SI_POV_NAHC,Ошская область,,,PT,14.8
2019,Нормальное значение,Единицы,Страновые данные,Годовая,Национальный,SI_POV_NAHC,Ошская область,,,PT,14.0
2007,Нормальное значение,Единицы,Страновые данные,Годовая,Национальный,SI_POV_NAHC,Ошская область,Женщины,,PT,48.7
2008,Нормальное значение,Единицы,Страновые данные,Годовая,Национальный,SI_POV_NAHC,Ошская область,Женщины,,PT,37.9
2009,Нормальное значение,Единицы,Страновые данные,Годовая,Национальный,SI_POV_NAHC,Ошская область,Женщины,,PT,38.3
2010,Нормальное значение,Единицы,Страновые данные,Годовая,Национальный,SI_POV_NAHC,Ошская область,Женщины,,PT,40.6
2011,Нормальное значение,Единицы,Страновые данные,Годовая,Национальный,SI_POV_NAHC,Ошская область,Женщины,,PT,44.2
2012,Нормальное значение,Единицы,Страновые данные,Годовая,Национальный,SI_POV_NAHC,Ошская область,Женщины,,PT,50.6
2013,Нормальное значение,Единицы,Страновые данные,Годовая,Национальный,SI_POV_NAHC,Ошская область,Женщины,,PT,42.7
2014,Нормальное значение,Единицы,Страновые данные,Годовая,Национальный,SI_POV_NAHC,Ошская область,Женщины,,PT,30.5
2015,Нормальное значение,Единицы,Страновые данные,Годовая,Национальный,SI_POV_NAHC,Ошская область,Женщины,,PT,28.4
2016,Нормальное значение,Единицы,Страновые данные,Годовая,Национальный,SI_POV_NAHC,Ошская область,Женщины,,PT,21.8
2017,Нормальное значение,Единицы,Страновые данные,Годовая,Национальный,SI_POV_NAHC,Ошская область,Женщины,,PT,12.9
2018,Нормальное значение,Единицы,Страновые данные,Годовая,Национальный,SI_POV_NAHC,Ошская область,Женщины,,PT,15.3
2019,Нормальное значение,Единицы,Страновые данные,Годовая,Национальный,SI_POV_NAHC,Ошская область,Женщины,,PT,14.1
2007,Нормальное значение,Единицы,Страновые данные,Годовая,Национальный,SI_POV_NAHC,Ошская область,Мужчины,,PT,44.3
2008,Нормальное значение,Единицы,Страновые данные,Годовая,Национальный,SI_POV_NAHC,Ошская область,Мужчины,,PT,36.9
2009,Нормальное значение,Единицы,Страновые данные,Годовая,Национальный,SI_POV_NAHC,Ошская область,Мужчины,,PT,38.2
2010,Нормальное значение,Единицы,Страновые данные,Годовая,Национальный,SI_POV_NAHC,Ошская область,Мужчины,,PT,43.2
2011,Нормальное значение,Единицы,Страновые данные,Годовая,Национальный,SI_POV_NAHC,Ошская область,Мужчины,,PT,45.2
2012,Нормальное значение,Единицы,Страновые данные,Годовая,Национальный,SI_POV_NAHC,Ошская область,Мужчины,,PT,52.4
2013,Нормальное значение,Единицы,Страновые данные,Годовая,Национальный,SI_POV_NAHC,Ошская область,Мужчины,,PT,44.2
2014,Нормальное значение,Единицы,Страновые данные,Годовая,Национальный,SI_POV_NAHC,Ошская область,Мужчины,,PT,33.1
2015,Нормальное значение,Единицы,Страновые данные,Годовая,Национальный,SI_POV_NAHC,Ошская область,Мужчины,,PT,29.5
2016,Нормальное значение,Единицы,Страновые данные,Годовая,Национальный,SI_POV_NAHC,Ошская область,Мужчины,,PT,22.3
2017,Нормальное значение,Единицы,Страновые данные,Годовая,Национальный,SI_POV_NAHC,Ошская область,Мужчины,,PT,15.7
2018,Нормальное значение,Единицы,Страновые данные,Годовая,Национальный,SI_POV_NAHC,Ошская область,Мужчины,,PT,14.3
2019,Нормальное значение,Единицы,Страновые данные,Годовая,Национальный,SI_POV_NAHC,Ошская область,Мужчины,,PT,13.9
2007,Нормальное значение,Единицы,Страновые данные,Годовая,Национальный,SI_POV_NAHC,Таласская область,,,PT,35.3
2008,Нормальное значение,Единицы,Страновые данные,Годовая,Национальный,SI_POV_NAHC,Таласская область,,,PT,43.0
2009,Нормальное значение,Единицы,Страновые данные,Годовая,Национальный,SI_POV_NAHC,Таласская область,,,PT,33.0
2010,Нормальное значение,Единицы,Страновые данные,Годовая,Национальный,SI_POV_NAHC,Таласская область,,,PT,42.3
2011,Нормальное значение,Единицы,Страновые данные,Годовая,Национальный,SI_POV_NAHC,Таласская область,,,PT,50.2
2012,Нормальное значение,Единицы,Страновые данные,Годовая,Национальный,SI_POV_NAHC,Таласская область,,,PT,39.6
2013,Нормальное значение,Единицы,Страновые данные,Годовая,Национальный,SI_POV_NAHC,Таласская область,,,PT,23.1
2014,Нормальное значение,Единицы,Страновые данные,Годовая,Национальный,SI_POV_NAHC,Таласская область,,,PT,19.0
2015,Нормальное значение,Единицы,Страновые данные,Годовая,Национальный,SI_POV_NAHC,Таласская область,,,PT,21.5
2016,Нормальное значение,Единицы,Страновые данные,Годовая,Национальный,SI_POV_NAHC,Таласская область,,,PT,18.1
2017,Нормальное значение,Единицы,Страновые данные,Годовая,Национальный,SI_POV_NAHC,Таласская область,,,PT,20.7
2018,Нормальное значение,Единицы,Страновые данные,Годовая,Национальный,SI_POV_NAHC,Таласская область,,,PT,22.1
2019,Нормальное значение,Единицы,Страновые данные,Годовая,Национальный,SI_POV_NAHC,Таласская область,,,PT,13.3
2007,Нормальное значение,Единицы,Страновые данные,Годовая,Национальный,SI_POV_NAHC,Таласская область,Женщины,,PT,35.5
2008,Нормальное значение,Единицы,Страновые данные,Годовая,Национальный,SI_POV_NAHC,Таласская область,Женщины,,PT,45.4
2009,Нормальное значение,Единицы,Страновые данные,Годовая,Национальный,SI_POV_NAHC,Таласская область,Женщины,,PT,35.7
2010,Нормальное значение,Единицы,Страновые данные,Годовая,Национальный,SI_POV_NAHC,Таласская область,Женщины,,PT,44.3
2011,Нормальное значение,Единицы,Страновые данные,Годовая,Национальный,SI_POV_NAHC,Таласская область,Женщины,,PT,51.4
2012,Нормальное значение,Единицы,Страновые данные,Годовая,Национальный,SI_POV_NAHC,Таласская область,Женщины,,PT,42.2
2013,Нормальное значение,Единицы,Страновые данные,Годовая,Национальный,SI_POV_NAHC,Таласская область,Женщины,,PT,23.3
2014,Нормальное значение,Единицы,Страновые данные,Годовая,Национальный,SI_POV_NAHC,Таласская область,Женщины,,PT,19.7
2015,Нормальное значение,Единицы,Страновые данные,Годовая,Национальный,SI_POV_NAHC,Таласская область,Женщины,,PT,22.6
2016,Нормальное значение,Единицы,Страновые данные,Годовая,Национальный,SI_POV_NAHC,Таласская область,Женщины,,PT,19.1
2017,Нормальное значение,Единицы,Страновые данные,Годовая,Национальный,SI_POV_NAHC,Таласская область,Женщины,,PT,21.4
2018,Нормальное значение,Единицы,Страновые данные,Годовая,Национальный,SI_POV_NAHC,Таласская область,Женщины,,PT,23.8
2019,Нормальное значение,Единицы,Страновые данные,Годовая,Национальный,SI_POV_NAHC,Таласская область,Женщины,,PT,14.0
2007,Нормальное значение,Единицы,Страновые данные,Годовая,Национальный,SI_POV_NAHC,Таласская область,Мужчины,,PT,34.9
2008,Нормальное значение,Единицы,Страновые данные,Годовая,Национальный,SI_POV_NAHC,Таласская область,Мужчины,,PT,40.0
2009,Нормальное значение,Единицы,Страновые данные,Годовая,Национальный,SI_POV_NAHC,Таласская область,Мужчины,,PT,29.8
2010,Нормальное значение,Единицы,Страновые данные,Годовая,Национальный,SI_POV_NAHC,Таласская область,Мужчины,,PT,40.1
2011,Нормальное значение,Единицы,Страновые данные,Годовая,Национальный,SI_POV_NAHC,Таласская область,Мужчины,,PT,48.8
2012,Нормальное значение,Единицы,Страновые данные,Годовая,Национальный,SI_POV_NAHC,Таласская область,Мужчины,,PT,36.7
2013,Нормальное значение,Единицы,Страновые данные,Годовая,Национальный,SI_POV_NAHC,Таласская область,Мужчины,,PT,22.8
2014,Нормальное значение,Единицы,Страновые данные,Годовая,Национальный,SI_POV_NAHC,Таласская область,Мужчины,,PT,18.4
2015,Нормальное значение,Единицы,Страновые данные,Годовая,Национальный,SI_POV_NAHC,Таласская область,Мужчины,,PT,20.4
2016,Нормальное значение,Единицы,Страновые данные,Годовая,Национальный,SI_POV_NAHC,Таласская область,Мужчины,,PT,17.1
2017,Нормальное значение,Единицы,Страновые данные,Годовая,Национальный,SI_POV_NAHC,Таласская область,Мужчины,,PT,19.9
2018,Нормальное значение,Единицы,Страновые данные,Годовая,Национальный,SI_POV_NAHC,Таласская область,Мужчины,,PT,20.3
2019,Нормальное значение,Единицы,Страновые данные,Годовая,Национальный,SI_POV_NAHC,Таласская область,Мужчины,,PT,12.6
2007,Нормальное значение,Единицы,Страновые данные,Годовая,Национальный,SI_POV_NAHC,Чуйская область,,,PT,15.0
2008,Нормальное значение,Единицы,Страновые данные,Годовая,Национальный,SI_POV_NAHC,Чуйская область,,,PT,15.8
2009,Нормальное значение,Единицы,Страновые данные,Годовая,Национальный,SI_POV_NAHC,Чуйская область,,,PT,21.2
2010,Нормальное значение,Единицы,Страновые данные,Годовая,Национальный,SI_POV_NAHC,Чуйская область,,,PT,21.9
2011,Нормальное значение,Единицы,Страновые данные,Годовая,Национальный,SI_POV_NAHC,Чуйская область,,,PT,28.6
2012,Нормальное значение,Единицы,Страновые данные,Годовая,Национальный,SI_POV_NAHC,Чуйская область,,,PT,16.6
2013,Нормальное значение,Единицы,Страновые данные,Годовая,Национальный,SI_POV_NAHC,Чуйская область,,,PT,23.6
2014,Нормальное значение,Единицы,Страновые данные,Годовая,Национальный,SI_POV_NAHC,Чуйская область,,,PT,21.6
2015,Нормальное значение,Единицы,Страновые данные,Годовая,Национальный,SI_POV_NAHC,Чуйская область,,,PT,24.8
2016,Нормальное значение,Единицы,Страновые данные,Годовая,Национальный,SI_POV_NAHC,Чуйская область,,,PT,30.3
2017,Нормальное значение,Единицы,Страновые данные,Годовая,Национальный,SI_POV_NAHC,Чуйская область,,,PT,33.3
2018,Нормальное значение,Единицы,Страновые данные,Годовая,Национальный,SI_POV_NAHC,Чуйская область,,,PT,15.6
2019,Нормальное значение,Единицы,Страновые данные,Годовая,Национальный,SI_POV_NAHC,Чуйская область,,,PT,19.1
2007,Нормальное значение,Единицы,Страновые данные,Годовая,Национальный,SI_POV_NAHC,Чуйская область,Женщины,,PT,13.3
2008,Нормальное значение,Единицы,Страновые данные,Годовая,Национальный,SI_POV_NAHC,Чуйская область,Женщины,,PT,14.9
2009,Нормальное значение,Единицы,Страновые данные,Годовая,Национальный,SI_POV_NAHC,Чуйская область,Женщины,,PT,20.6
2010,Нормальное значение,Единицы,Страновые данные,Годовая,Национальный,SI_POV_NAHC,Чуйская область,Женщины,,PT,21.8
2011,Нормальное значение,Единицы,Страновые данные,Годовая,Национальный,SI_POV_NAHC,Чуйская область,Женщины,,PT,31.6
2012,Нормальное значение,Единицы,Страновые данные,Годовая,Национальный,SI_POV_NAHC,Чуйская область,Женщины,,PT,16.3
2013,Нормальное значение,Единицы,Страновые данные,Годовая,Национальный,SI_POV_NAHC,Чуйская область,Женщины,,PT,23.5
2014,Нормальное значение,Единицы,Страновые данные,Годовая,Национальный,SI_POV_NAHC,Чуйская область,Женщины,,PT,20.8
2015,Нормальное значение,Единицы,Страновые данные,Годовая,Национальный,SI_POV_NAHC,Чуйская область,Женщины,,PT,24.2
2016,Нормальное значение,Единицы,Страновые данные,Годовая,Национальный,SI_POV_NAHC,Чуйская область,Женщины,,PT,29.8
2017,Нормальное значение,Единицы,Страновые данные,Годовая,Национальный,SI_POV_NAHC,Чуйская область,Женщины,,PT,32.3
2018,Нормальное значение,Единицы,Страновые данные,Годовая,Национальный,SI_POV_NAHC,Чуйская область,Женщины,,PT,15.5
2019,Нормальное значение,Единицы,Страновые данные,Годовая,Национальный,SI_POV_NAHC,Чуйская область,Женщины,,PT,19.1
2007,Нормальное значение,Единицы,Страновые данные,Годовая,Национальный,SI_POV_NAHC,Чуйская область,Мужчины,,PT,16.8
2008,Нормальное значение,Единицы,Страновые данные,Годовая,Национальный,SI_POV_NAHC,Чуйская область,Мужчины,,PT,16.7
2009,Нормальное значение,Единицы,Страновые данные,Годовая,Национальный,SI_POV_NAHC,Чуйская область,Мужчины,,PT,21.9
2010,Нормальное значение,Единицы,Страновые данные,Годовая,Национальный,SI_POV_NAHC,Чуйская область,Мужчины,,PT,21.9
2011,Нормальное значение,Единицы,Страновые данные,Годовая,Национальный,SI_POV_NAHC,Чуйская область,Мужчины,,PT,25.3
2012,Нормальное значение,Единицы,Страновые данные,Годовая,Национальный,SI_POV_NAHC,Чуйская область,Мужчины,,PT,16.8
2013,Нормальное значение,Единицы,Страновые данные,Годовая,Национальный,SI_POV_NAHC,Чуйская область,Мужчины,,PT,23.7
2014,Нормальное значение,Единицы,Страновые данные,Годовая,Национальный,SI_POV_NAHC,Чуйская область,Мужчины,,PT,22.4
2015,Нормальное значение,Единицы,Страновые данные,Годовая,Национальный,SI_POV_NAHC,Чуйская область,Мужчины,,PT,25.4
2016,Нормальное значение,Единицы,Страновые данные,Годовая,Национальный,SI_POV_NAHC,Чуйская область,Мужчины,,PT,30.9
2017,Нормальное значение,Единицы,Страновые данные,Годовая,Национальный,SI_POV_NAHC,Чуйская область,Мужчины,,PT,34.4
2018,Нормальное значение,Единицы,Страновые данные,Годовая,Национальный,SI_POV_NAHC,Чуйская область,Мужчины,,PT,15.7
2019,Нормальное значение,Единицы,Страновые данные,Годовая,Национальный,SI_POV_NAHC,Чуйская область,Мужчины,,PT,19.0
2007,Нормальное значение,Единицы,Страновые данные,Годовая,Национальный,SI_POV_NAHC,г. Бишкек,,,PT,5.0
2008,Нормальное значение,Единицы,Страновые данные,Годовая,Национальный,SI_POV_NAHC,г. Бишкек,,,PT,15.2
2009,Нормальное значение,Единицы,Страновые данные,Годовая,Национальный,SI_POV_NAHC,г. Бишкек,,,PT,13.2
2010,Нормальное значение,Единицы,Страновые данные,Годовая,Национальный,SI_POV_NAHC,г. Бишкек,,,PT,7.9
2011,Нормальное значение,Единицы,Страновые данные,Годовая,Национальный,SI_POV_NAHC,г. Бишкек,,,PT,18.4
2012,Нормальное значение,Единицы,Страновые данные,Годовая,Национальный,SI_POV_NAHC,г. Бишкек,,,PT,21.4
2013,Нормальное значение,Единицы,Страновые данные,Годовая,Национальный,SI_POV_NAHC,г. Бишкек,,,PT,20.4
2014,Нормальное значение,Единицы,Страновые данные,Годовая,Национальный,SI_POV_NAHC,г. Бишкек,,,PT,17.6
2015,Нормальное значение,Единицы,Страновые данные,Годовая,Национальный,SI_POV_NAHC,г. Бишкек,,,PT,23.5
2016,Нормальное значение,Единицы,Страновые данные,Годовая,Национальный,SI_POV_NAHC,г. Бишкек,,,PT,9.8
2017,Нормальное значение,Единицы,Страновые данные,Годовая,Национальный,SI_POV_NAHC,г. Бишкек,,,PT,15.9
2018,Нормальное значение,Единицы,Страновые данные,Годовая,Национальный,SI_POV_NAHC,г. Бишкек,,,PT,15.4
2019,Нормальное значение,Единицы,Страновые данные,Годовая,Национальный,SI_POV_NAHC,г. Бишкек,,,PT,11.9
2007,Нормальное значение,Единицы,Страновые данные,Годовая,Национальный,SI_POV_NAHC,г. Бишкек,Женщины,,PT,5.0
2008,Нормальное значение,Единицы,Страновые данные,Годовая,Национальный,SI_POV_NAHC,г. Бишкек,Женщины,,PT,14.6
2009,Нормальное значение,Единицы,Страновые данные,Годовая,Национальный,SI_POV_NAHC,г. Бишкек,Женщины,,PT,12.7
2010,Нормальное значение,Единицы,Страновые данные,Годовая,Национальный,SI_POV_NAHC,г. Бишкек,Женщины,,PT,7.3
2011,Нормальное значение,Единицы,Страновые данные,Годовая,Национальный,SI_POV_NAHC,г. Бишкек,Женщины,,PT,17.1
2012,Нормальное значение,Единицы,Страновые данные,Годовая,Национальный,SI_POV_NAHC,г. Бишкек,Женщины,,PT,19.9
2013,Нормальное значение,Единицы,Страновые данные,Годовая,Национальный,SI_POV_NAHC,г. Бишкек,Женщины,,PT,18.4
2014,Нормальное значение,Единицы,Страновые данные,Годовая,Национальный,SI_POV_NAHC,г. Бишкек,Женщины,,PT,15.8
2015,Нормальное значение,Единицы,Страновые данные,Годовая,Национальный,SI_POV_NAHC,г. Бишкек,Женщины,,PT,22.2
2016,Нормальное значение,Единицы,Страновые данные,Годовая,Национальный,SI_POV_NAHC,г. Бишкек,Женщины,,PT,8.9
2017,Нормальное значение,Единицы,Страновые данные,Годовая,Национальный,SI_POV_NAHC,г. Бишкек,Женщины,,PT,14.3
2018,Нормальное значение,Единицы,Страновые данные,Годовая,Национальный,SI_POV_NAHC,г. Бишкек,Женщины,,PT,14.7
2019,Нормальное значение,Единицы,Страновые данные,Годовая,Национальный,SI_POV_NAHC,г. Бишкек,Женщины,,PT,10.9
2007,Нормальное значение,Единицы,Страновые данные,Годовая,Национальный,SI_POV_NAHC,г. Бишкек,Мужчины,,PT,5.0
2008,Нормальное значение,Единицы,Страновые данные,Годовая,Национальный,SI_POV_NAHC,г. Бишкек,Мужчины,,PT,16.0
2009,Нормальное значение,Единицы,Страновые данные,Годовая,Национальный,SI_POV_NAHC,г. Бишкек,Мужчины,,PT,14.0
2010,Нормальное значение,Единицы,Страновые данные,Годовая,Национальный,SI_POV_NAHC,г. Бишкек,Мужчины,,PT,8.7
2011,Нормальное значение,Единицы,Страновые данные,Годовая,Национальный,SI_POV_NAHC,г. Бишкек,Мужчины,,PT,20.0
2012,Нормальное значение,Единицы,Страновые данные,Годовая,Национальный,SI_POV_NAHC,г. Бишкек,Мужчины,,PT,23.3
2013,Нормальное значение,Единицы,Страновые данные,Годовая,Национальный,SI_POV_NAHC,г. Бишкек,Мужчины,,PT,22.8
2014,Нормальное значение,Единицы,Страновые данные,Годовая,Национальный,SI_POV_NAHC,г. Бишкек,Мужчины,,PT,19.9
2015,Нормальное значение,Единицы,Страновые данные,Годовая,Национальный,SI_POV_NAHC,г. Бишкек,Мужчины,,PT,25.2
2016,Нормальное значение,Единицы,Страновые данные,Годовая,Национальный,SI_POV_NAHC,г. Бишкек,Мужчины,,PT,10.9
2017,Нормальное значение,Единицы,Страновые данные,Годовая,Национальный,SI_POV_NAHC,г. Бишкек,Мужчины,,PT,17.9
2018,Нормальное значение,Единицы,Страновые данные,Годовая,Национальный,SI_POV_NAHC,г. Бишкек,Мужчины,,PT,16.3
2019,Нормальное значение,Единицы,Страновые данные,Годовая,Национальный,SI_POV_NAHC,г. Бишкек,Мужчины,,PT,13.2
2007,Нормальное значение,Единицы,Страновые данные,Годовая,Национальный,SI_POV_NAHC,г. Ош,,,PT,0.0
2008,Нормальное значение,Единицы,Страновые данные,Годовая,Национальный,SI_POV_NAHC,г. Ош,,,PT,0.0
2009,Нормальное значение,Единицы,Страновые данные,Годовая,Национальный,SI_POV_NAHC,г. Ош,,,PT,0.0
2010,Нормальное значение,Единицы,Страновые данные,Годовая,Национальный,SI_POV_NAHC,г. Ош,,,PT,0.0
2011,Нормальное значение,Единицы,Страновые данные,Годовая,Национальный,SI_POV_NAHC,г. Ош,,,PT,0.0
2012,Нормальное значение,Единицы,Страновые данные,Годовая,Национальный,SI_POV_NAHC,г. Ош,,,PT,0.0
2013,Нормальное значение,Единицы,Страновые данные,Годовая,Национальный,SI_POV_NAHC,г. Ош,,,PT,40.9
2014,Нормальное значение,Единицы,Страновые данные,Годовая,Национальный,SI_POV_NAHC,г. Ош,,,PT,33.4
2015,Нормальное значение,Единицы,Страновые данные,Годовая,Национальный,SI_POV_NAHC,г. Ош,,,PT,38.3
2016,Нормальное значение,Единицы,Страновые данные,Годовая,Национальный,SI_POV_NAHC,г. Ош,,,PT,24.6
2017,Нормальное значение,Единицы,Страновые данные,Годовая,Национальный,SI_POV_NAHC,г. Ош,,,PT,33.5
2018,Нормальное значение,Единицы,Страновые данные,Годовая,Национальный,SI_POV_NAHC,г. Ош,,,PT,35.5
2019,Нормальное значение,Единицы,Страновые данные,Годовая,Национальный,SI_POV_NAHC,г. Ош,,,PT,20.7
2007,Нормальное значение,Единицы,Страновые данные,Годовая,Национальный,SI_POV_NAHC,г. Ош,Женщины,,PT,0.0
2008,Нормальное значение,Единицы,Страновые данные,Годовая,Национальный,SI_POV_NAHC,г. Ош,Женщины,,PT,0.0
2009,Нормальное значение,Единицы,Страновые данные,Годовая,Национальный,SI_POV_NAHC,г. Ош,Женщины,,PT,0.0
2010,Нормальное значение,Единицы,Страновые данные,Годовая,Национальный,SI_POV_NAHC,г. Ош,Женщины,,PT,0.0
2011,Нормальное значение,Единицы,Страновые данные,Годовая,Национальный,SI_POV_NAHC,г. Ош,Женщины,,PT,0.0
2012,Нормальное значение,Единицы,Страновые данные,Годовая,Национальный,SI_POV_NAHC,г. Ош,Женщины,,PT,0.0
2013,Нормальное значение,Единицы,Страновые данные,Годовая,Национальный,SI_POV_NAHC,г. Ош,Женщины,,PT,40.2
2014,Нормальное значение,Единицы,Страновые данные,Годовая,Национальный,SI_POV_NAHC,г. Ош,Женщины,,PT,32.0
2015,Нормальное значение,Единицы,Страновые данные,Годовая,Национальный,SI_POV_NAHC,г. Ош,Женщины,,PT,35.8
2016,Нормальное значение,Единицы,Страновые данные,Годовая,Национальный,SI_POV_NAHC,г. Ош,Женщины,,PT,23.2
2017,Нормальное значение,Единицы,Страновые данные,Годовая,Национальный,SI_POV_NAHC,г. Ош,Женщины,,PT,30.9
2018,Нормальное значение,Единицы,Страновые данные,Годовая,Национальный,SI_POV_NAHC,г. Ош,Женщины,,PT,33.9
2019,Нормальное значение,Единицы,Страновые данные,Годовая,Национальный,SI_POV_NAHC,г. Ош,Женщины,,PT,19.7
2007,Нормальное значение,Единицы,Страновые данные,Годовая,Национальный,SI_POV_NAHC,г. Ош,Мужчины,,PT,0.0
2008,Нормальное значение,Единицы,Страновые данные,Годовая,Национальный,SI_POV_NAHC,г. Ош,Мужчины,,PT,0.0
2009,Нормальное значение,Единицы,Страновые данные,Годовая,Национальный,SI_POV_NAHC,г. Ош,Мужчины,,PT,0.0
2010,Нормальное значение,Единицы,Страновые данные,Годовая,Национальный,SI_POV_NAHC,г. Ош,Мужчины,,PT,0.0
2011,Нормальное значение,Единицы,Страновые данные,Годовая,Национальный,SI_POV_NAHC,г. Ош,Мужчины,,PT,0.0
2012,Нормальное значение,Единицы,Страновые данные,Годовая,Национальный,SI_POV_NAHC,г. Ош,Мужчины,,PT,0.0
2013,Нормальное значение,Единицы,Страновые данные,Годовая,Национальный,SI_POV_NAHC,г. Ош,Мужчины,,PT,41.6
2014,Нормальное значение,Единицы,Страновые данные,Годовая,Национальный,SI_POV_NAHC,г. Ош,Мужчины,,PT,35.0
2015,Нормальное значение,Единицы,Страновые данные,Годовая,Национальный,SI_POV_NAHC,г. Ош,Мужчины,,PT,41.0
2016,Нормальное значение,Единицы,Страновые данные,Годовая,Национальный,SI_POV_NAHC,г. Ош,Мужчины,,PT,26.2
2017,Нормальное значение,Единицы,Страновые данные,Годовая,Национальный,SI_POV_NAHC,г. Ош,Мужчины,,PT,36.4
2018,Нормальное значение,Единицы,Страновые данные,Годовая,Национальный,SI_POV_NAHC,г. Ош,Мужчины,,PT,37.3
2019,Нормальное значение,Единицы,Страновые данные,Годовая,Национальный,SI_POV_NAHC,г. Ош,Мужчины,,PT,21.8
