Year,Частота наблюдений,Тип отчетности,Ряды ЦУР,Территория,Пол,Единица измерения,Value
2010,Годовая,Национальный, Заболеваемость алкогольной зависимостью на 100 000 населения по полу и территории ,Киргизия,,На 100 000 населения,53.8
2013,Годовая,Национальный, Заболеваемость алкогольной зависимостью на 100 000 населения по полу и территории ,Киргизия,,На 100 000 населения,31.2
2014,Годовая,Национальный, Заболеваемость алкогольной зависимостью на 100 000 населения по полу и территории ,Киргизия,,На 100 000 населения,27.4
2015,Годовая,Национальный, Заболеваемость алкогольной зависимостью на 100 000 населения по полу и территории ,Киргизия,,На 100 000 населения,23.5
2016,Годовая,Национальный, Заболеваемость алкогольной зависимостью на 100 000 населения по полу и территории ,Киргизия,,На 100 000 населения,28.4
2017,Годовая,Национальный, Заболеваемость алкогольной зависимостью на 100 000 населения по полу и территории ,Киргизия,,На 100 000 населения,23.0
2018,Годовая,Национальный, Заболеваемость алкогольной зависимостью на 100 000 населения по полу и территории ,Киргизия,,На 100 000 населения,18.6
2019,Годовая,Национальный, Заболеваемость алкогольной зависимостью на 100 000 населения по полу и территории ,Киргизия,,На 100 000 населения,18.446484
2010,Годовая,Национальный, Заболеваемость алкогольной зависимостью на 100 000 населения по полу и территории ,Киргизия,Женщины,На 100 000 населения,13.1
2013,Годовая,Национальный, Заболеваемость алкогольной зависимостью на 100 000 населения по полу и территории ,Киргизия,Женщины,На 100 000 населения,7.4
2014,Годовая,Национальный, Заболеваемость алкогольной зависимостью на 100 000 населения по полу и территории ,Киргизия,Женщины,На 100 000 населения,5.7
2015,Годовая,Национальный, Заболеваемость алкогольной зависимостью на 100 000 населения по полу и территории ,Киргизия,Женщины,На 100 000 населения,5.6
2016,Годовая,Национальный, Заболеваемость алкогольной зависимостью на 100 000 населения по полу и территории ,Киргизия,Женщины,На 100 000 населения,6.4
2017,Годовая,Национальный, Заболеваемость алкогольной зависимостью на 100 000 населения по полу и территории ,Киргизия,Женщины,На 100 000 населения,6.8
2018,Годовая,Национальный, Заболеваемость алкогольной зависимостью на 100 000 населения по полу и территории ,Киргизия,Женщины,На 100 000 населения,4.0
2019,Годовая,Национальный, Заболеваемость алкогольной зависимостью на 100 000 населения по полу и территории ,Киргизия,Женщины,На 100 000 населения,4.918696
2010,Годовая,Национальный, Заболеваемость алкогольной зависимостью на 100 000 населения по полу и территории ,Киргизия,Мужчины,На 100 000 населения,95.6
2013,Годовая,Национальный, Заболеваемость алкогольной зависимостью на 100 000 населения по полу и территории ,Киргизия,Мужчины,На 100 000 населения,55.6
2014,Годовая,Национальный, Заболеваемость алкогольной зависимостью на 100 000 населения по полу и территории ,Киргизия,Мужчины,На 100 000 населения,49.5
2015,Годовая,Национальный, Заболеваемость алкогольной зависимостью на 100 000 населения по полу и территории ,Киргизия,Мужчины,На 100 000 населения,41.8
2016,Годовая,Национальный, Заболеваемость алкогольной зависимостью на 100 000 населения по полу и территории ,Киргизия,Мужчины,На 100 000 населения,50.8
2017,Годовая,Национальный, Заболеваемость алкогольной зависимостью на 100 000 населения по полу и территории ,Киргизия,Мужчины,На 100 000 населения,39.5
2018,Годовая,Национальный, Заболеваемость алкогольной зависимостью на 100 000 населения по полу и территории ,Киргизия,Мужчины,На 100 000 населения,33.5
2019,Годовая,Национальный, Заболеваемость алкогольной зависимостью на 100 000 населения по полу и территории ,Киргизия,Мужчины,На 100 000 населения,32.182344
2010,Годовая,Национальный, Заболеваемость алкогольной зависимостью на 100 000 населения по полу и территории ,Баткенская область,,На 100 000 населения,27.4
2013,Годовая,Национальный, Заболеваемость алкогольной зависимостью на 100 000 населения по полу и территории ,Баткенская область,,На 100 000 населения,27.4
2014,Годовая,Национальный, Заболеваемость алкогольной зависимостью на 100 000 населения по полу и территории ,Баткенская область,,На 100 000 населения,22.1
2015,Годовая,Национальный, Заболеваемость алкогольной зависимостью на 100 000 населения по полу и территории ,Баткенская область,,На 100 000 населения,14.0
2016,Годовая,Национальный, Заболеваемость алкогольной зависимостью на 100 000 населения по полу и территории ,Баткенская область,,На 100 000 населения,15.9
2017,Годовая,Национальный, Заболеваемость алкогольной зависимостью на 100 000 населения по полу и территории ,Баткенская область,,На 100 000 населения,12.2
2018,Годовая,Национальный, Заболеваемость алкогольной зависимостью на 100 000 населения по полу и территории ,Баткенская область,,На 100 000 населения,6.9
2019,Годовая,Национальный, Заболеваемость алкогольной зависимостью на 100 000 населения по полу и территории ,Баткенская область,,На 100 000 населения,7.71772
2010,Годовая,Национальный, Заболеваемость алкогольной зависимостью на 100 000 населения по полу и территории ,Баткенская область,Женщины,На 100 000 населения,1.9
2013,Годовая,Национальный, Заболеваемость алкогольной зависимостью на 100 000 населения по полу и территории ,Баткенская область,Женщины,На 100 000 населения,0.4
2014,Годовая,Национальный, Заболеваемость алкогольной зависимостью на 100 000 населения по полу и территории ,Баткенская область,Женщины,На 100 000 населения,0.4
2015,Годовая,Национальный, Заболеваемость алкогольной зависимостью на 100 000 населения по полу и территории ,Баткенская область,Женщины,На 100 000 населения,0.8
2016,Годовая,Национальный, Заболеваемость алкогольной зависимостью на 100 000 населения по полу и территории ,Баткенская область,Женщины,На 100 000 населения,0.4
2017,Годовая,Национальный, Заболеваемость алкогольной зависимостью на 100 000 населения по полу и территории ,Баткенская область,Женщины,На 100 000 населения,0.8
2018,Годовая,Национальный, Заболеваемость алкогольной зависимостью на 100 000 населения по полу и территории ,Баткенская область,Женщины,На 100 000 населения,0.8
2019,Годовая,Национальный, Заболеваемость алкогольной зависимостью на 100 000 населения по полу и территории ,Баткенская область,Женщины,На 100 000 населения,1.918612
2010,Годовая,Национальный, Заболеваемость алкогольной зависимостью на 100 000 населения по полу и территории ,Баткенская область,Мужчины,На 100 000 населения,52.2
2013,Годовая,Национальный, Заболеваемость алкогольной зависимостью на 100 000 населения по полу и территории ,Баткенская область,Мужчины,На 100 000 населения,53.4
2014,Годовая,Национальный, Заболеваемость алкогольной зависимостью на 100 000 населения по полу и территории ,Баткенская область,Мужчины,На 100 000 населения,43.1
2015,Годовая,Национальный, Заболеваемость алкогольной зависимостью на 100 000 населения по полу и территории ,Баткенская область,Мужчины,На 100 000 населения,26.7
2016,Годовая,Национальный, Заболеваемость алкогольной зависимостью на 100 000 населения по полу и территории ,Баткенская область,Мужчины,На 100 000 населения,30.8
2017,Годовая,Национальный, Заболеваемость алкогольной зависимостью на 100 000 населения по полу и территории ,Баткенская область,Мужчины,На 100 000 населения,23.2
2018,Годовая,Национальный, Заболеваемость алкогольной зависимостью на 100 000 населения по полу и территории ,Баткенская область,Мужчины,На 100 000 населения,12.9
2019,Годовая,Национальный, Заболеваемость алкогольной зависимостью на 100 000 населения по полу и территории ,Баткенская область,Мужчины,На 100 000 населения,13.301803
2010,Годовая,Национальный, Заболеваемость алкогольной зависимостью на 100 000 населения по полу и территории ,Джалал-Абадская область,,На 100 000 населения,17.2
2013,Годовая,Национальный, Заболеваемость алкогольной зависимостью на 100 000 населения по полу и территории ,Джалал-Абадская область,,На 100 000 населения,14.2
2014,Годовая,Национальный, Заболеваемость алкогольной зависимостью на 100 000 населения по полу и территории ,Джалал-Абадская область,,На 100 000 населения,14.3
2015,Годовая,Национальный, Заболеваемость алкогольной зависимостью на 100 000 населения по полу и территории ,Джалал-Абадская область,,На 100 000 населения,10.7
2016,Годовая,Национальный, Заболеваемость алкогольной зависимостью на 100 000 населения по полу и территории ,Джалал-Абадская область,,На 100 000 населения,10.0
2017,Годовая,Национальный, Заболеваемость алкогольной зависимостью на 100 000 населения по полу и территории ,Джалал-Абадская область,,На 100 000 населения,9.5
2018,Годовая,Национальный, Заболеваемость алкогольной зависимостью на 100 000 населения по полу и территории ,Джалал-Абадская область,,На 100 000 населения,6.8
2019,Годовая,Национальный, Заболеваемость алкогольной зависимостью на 100 000 населения по полу и территории ,Джалал-Абадская область,,На 100 000 населения,4.565495
2010,Годовая,Национальный, Заболеваемость алкогольной зависимостью на 100 000 населения по полу и территории ,Джалал-Абадская область,Женщины,На 100 000 населения,1.2
2013,Годовая,Национальный, Заболеваемость алкогольной зависимостью на 100 000 населения по полу и территории ,Джалал-Абадская область,Женщины,На 100 000 населения,0.9
2014,Годовая,Национальный, Заболеваемость алкогольной зависимостью на 100 000 населения по полу и территории ,Джалал-Абадская область,Женщины,На 100 000 населения,1.4
2015,Годовая,Национальный, Заболеваемость алкогольной зависимостью на 100 000 населения по полу и территории ,Джалал-Абадская область,Женщины,На 100 000 населения,1.4
2016,Годовая,Национальный, Заболеваемость алкогольной зависимостью на 100 000 населения по полу и территории ,Джалал-Абадская область,Женщины,На 100 000 населения,1.2
2017,Годовая,Национальный, Заболеваемость алкогольной зависимостью на 100 000 населения по полу и территории ,Джалал-Абадская область,Женщины,На 100 000 населения,1.7
2018,Годовая,Национальный, Заболеваемость алкогольной зависимостью на 100 000 населения по полу и территории ,Джалал-Абадская область,Женщины,На 100 000 населения,1.3
2019,Годовая,Национальный, Заболеваемость алкогольной зависимостью на 100 000 населения по полу и территории ,Джалал-Абадская область,Женщины,На 100 000 населения,0.4923
2010,Годовая,Национальный, Заболеваемость алкогольной зависимостью на 100 000 населения по полу и территории ,Джалал-Абадская область,Мужчины,На 100 000 населения,33.2
2013,Годовая,Национальный, Заболеваемость алкогольной зависимостью на 100 000 населения по полу и территории ,Джалал-Абадская область,Мужчины,На 100 000 населения,27.3
2014,Годовая,Национальный, Заболеваемость алкогольной зависимостью на 100 000 населения по полу и территории ,Джалал-Абадская область,Мужчины,На 100 000 населения,27.1
2015,Годовая,Национальный, Заболеваемость алкогольной зависимостью на 100 000 населения по полу и территории ,Джалал-Абадская область,Мужчины,На 100 000 населения,19.8
2016,Годовая,Национальный, Заболеваемость алкогольной зависимостью на 100 000 населения по полу и территории ,Джалал-Абадская область,Мужчины,На 100 000 населения,18.7
2017,Годовая,Национальный, Заболеваемость алкогольной зависимостью на 100 000 населения по полу и территории ,Джалал-Абадская область,Мужчины,На 100 000 населения,17.2
2018,Годовая,Национальный, Заболеваемость алкогольной зависимостью на 100 000 населения по полу и территории ,Джалал-Абадская область,Мужчины,На 100 000 населения,12.2
2019,Годовая,Национальный, Заболеваемость алкогольной зависимостью на 100 000 населения по полу и территории ,Джалал-Абадская область,Мужчины,На 100 000 населения,8.587057
2010,Годовая,Национальный, Заболеваемость алкогольной зависимостью на 100 000 населения по полу и территории ,Иссык-Кульская область,,На 100 000 населения,19.0
2013,Годовая,Национальный, Заболеваемость алкогольной зависимостью на 100 000 населения по полу и территории ,Иссык-Кульская область,,На 100 000 населения,21.5
2014,Годовая,Национальный, Заболеваемость алкогольной зависимостью на 100 000 населения по полу и территории ,Иссык-Кульская область,,На 100 000 населения,14.3
2015,Годовая,Национальный, Заболеваемость алкогольной зависимостью на 100 000 населения по полу и территории ,Иссык-Кульская область,,На 100 000 населения,17.6
2016,Годовая,Национальный, Заболеваемость алкогольной зависимостью на 100 000 населения по полу и территории ,Иссык-Кульская область,,На 100 000 населения,16.5
2017,Годовая,Национальный, Заболеваемость алкогольной зависимостью на 100 000 населения по полу и территории ,Иссык-Кульская область,,На 100 000 населения,13.3
2018,Годовая,Национальный, Заболеваемость алкогольной зависимостью на 100 000 населения по полу и территории ,Иссык-Кульская область,,На 100 000 населения,3.7
2019,Годовая,Национальный, Заболеваемость алкогольной зависимостью на 100 000 населения по полу и территории ,Иссык-Кульская область,,На 100 000 населения,6.086341
2010,Годовая,Национальный, Заболеваемость алкогольной зависимостью на 100 000 населения по полу и территории ,Иссык-Кульская область,Женщины,На 100 000 населения,3.1
2013,Годовая,Национальный, Заболеваемость алкогольной зависимостью на 100 000 населения по полу и территории ,Иссык-Кульская область,Женщины,На 100 000 населения,3.0
2014,Годовая,Национальный, Заболеваемость алкогольной зависимостью на 100 000 населения по полу и территории ,Иссык-Кульская область,Женщины,На 100 000 населения,3.9
2015,Годовая,Национальный, Заболеваемость алкогольной зависимостью на 100 000 населения по полу и территории ,Иссык-Кульская область,Женщины,На 100 000 населения,8.5
2016,Годовая,Национальный, Заболеваемость алкогольной зависимостью на 100 000 населения по полу и территории ,Иссык-Кульская область,Женщины,На 100 000 населения,1.7
2017,Годовая,Национальный, Заболеваемость алкогольной зависимостью на 100 000 населения по полу и территории ,Иссык-Кульская область,Женщины,На 100 000 населения,2.9
2018,Годовая,Национальный, Заболеваемость алкогольной зависимостью на 100 000 населения по полу и территории ,Иссык-Кульская область,Женщины,На 100 000 населения,1.2
2019,Годовая,Национальный, Заболеваемость алкогольной зависимостью на 100 000 населения по полу и территории ,Иссык-Кульская область,Женщины,На 100 000 населения,1.21241
2010,Годовая,Национальный, Заболеваемость алкогольной зависимостью на 100 000 населения по полу и территории ,Иссык-Кульская область,Мужчины,На 100 000 населения,35.1
2013,Годовая,Национальный, Заболеваемость алкогольной зависимостью на 100 000 населения по полу и территории ,Иссык-Кульская область,Мужчины,На 100 000 населения,40.2
2014,Годовая,Национальный, Заболеваемость алкогольной зависимостью на 100 000 населения по полу и территории ,Иссык-Кульская область,Мужчины,На 100 000 населения,24.9
2015,Годовая,Национальный, Заболеваемость алкогольной зависимостью на 100 000 населения по полу и территории ,Иссык-Кульская область,Мужчины,На 100 000 населения,26.7
2016,Годовая,Национальный, Заболеваемость алкогольной зависимостью на 100 000 населения по полу и территории ,Иссык-Кульская область,Мужчины,На 100 000 населения,31.4
2017,Годовая,Национальный, Заболеваемость алкогольной зависимостью на 100 000 населения по полу и территории ,Иссык-Кульская область,Мужчины,На 100 000 населения,23.9
2018,Годовая,Национальный, Заболеваемость алкогольной зависимостью на 100 000 населения по полу и территории ,Иссык-Кульская область,Мужчины,На 100 000 населения,6.2
2019,Годовая,Национальный, Заболеваемость алкогольной зависимостью на 100 000 населения по полу и территории ,Иссык-Кульская область,Мужчины,На 100 000 населения,10.999487
2010,Годовая,Национальный, Заболеваемость алкогольной зависимостью на 100 000 населения по полу и территории ,Нарынская область,,На 100 000 населения,31.1
2013,Годовая,Национальный, Заболеваемость алкогольной зависимостью на 100 000 населения по полу и территории ,Нарынская область,,На 100 000 населения,37.4
2014,Годовая,Национальный, Заболеваемость алкогольной зависимостью на 100 000 населения по полу и территории ,Нарынская область,,На 100 000 населения,43.6
2015,Годовая,Национальный, Заболеваемость алкогольной зависимостью на 100 000 населения по полу и территории ,Нарынская область,,На 100 000 населения,20.3
2016,Годовая,Национальный, Заболеваемость алкогольной зависимостью на 100 000 населения по полу и территории ,Нарынская область,,На 100 000 населения,36.5
2017,Годовая,Национальный, Заболеваемость алкогольной зависимостью на 100 000 населения по полу и территории ,Нарынская область,,На 100 000 населения,23.0
2018,Годовая,Национальный, Заболеваемость алкогольной зависимостью на 100 000 населения по полу и территории ,Нарынская область,,На 100 000 населения,16.1
2019,Годовая,Национальный, Заболеваемость алкогольной зависимостью на 100 000 населения по полу и территории ,Нарынская область,,На 100 000 населения,23.23686
2010,Годовая,Национальный, Заболеваемость алкогольной зависимостью на 100 000 населения по полу и территории ,Нарынская область,Женщины,На 100 000 населения,5.4
2013,Годовая,Национальный, Заболеваемость алкогольной зависимостью на 100 000 населения по полу и территории ,Нарынская область,Женщины,На 100 000 населения,7.5
2014,Годовая,Национальный, Заболеваемость алкогольной зависимостью на 100 000 населения по полу и территории ,Нарынская область,Женщины,На 100 000 населения,11.2
2015,Годовая,Национальный, Заболеваемость алкогольной зависимостью на 100 000 населения по полу и территории ,Нарынская область,Женщины,На 100 000 населения,5.1
2016,Годовая,Национальный, Заболеваемость алкогольной зависимостью на 100 000 населения по полу и территории ,Нарынская область,Женщины,На 100 000 населения,13.8
2017,Годовая,Национальный, Заболеваемость алкогольной зависимостью на 100 000 населения по полу и территории ,Нарынская область,Женщины,На 100 000 населения,9.4
2018,Годовая,Национальный, Заболеваемость алкогольной зависимостью на 100 000 населения по полу и территории ,Нарынская область,Женщины,На 100 000 населения,2.1
2019,Годовая,Национальный, Заболеваемость алкогольной зависимостью на 100 000 населения по полу и территории ,Нарынская область,Женщины,На 100 000 населения,3.532046
2010,Годовая,Национальный, Заболеваемость алкогольной зависимостью на 100 000 населения по полу и территории ,Нарынская область,Мужчины,На 100 000 населения,56.0
2013,Годовая,Национальный, Заболеваемость алкогольной зависимостью на 100 000 населения по полу и территории ,Нарынская область,Мужчины,На 100 000 населения,66.5
2014,Годовая,Национальный, Заболеваемость алкогольной зависимостью на 100 000 населения по полу и территории ,Нарынская область,Мужчины,На 100 000 населения,75.1
2015,Годовая,Национальный, Заболеваемость алкогольной зависимостью на 100 000 населения по полу и территории ,Нарынская область,Мужчины,На 100 000 населения,35.0
2016,Годовая,Национальный, Заболеваемость алкогольной зависимостью на 100 000 населения по полу и территории ,Нарынская область,Мужчины,На 100 000 населения,58.5
2017,Годовая,Национальный, Заболеваемость алкогольной зависимостью на 100 000 населения по полу и территории ,Нарынская область,Мужчины,На 100 000 населения,36.2
2018,Годовая,Национальный, Заболеваемость алкогольной зависимостью на 100 000 населения по полу и территории ,Нарынская область,Мужчины,На 100 000 населения,29.6
2019,Годовая,Национальный, Заболеваемость алкогольной зависимостью на 100 000 населения по полу и территории ,Нарынская область,Мужчины,На 100 000 населения,42.241814
2010,Годовая,Национальный, Заболеваемость алкогольной зависимостью на 100 000 населения по полу и территории ,Ошская область,,На 100 000 населения,35.0
2013,Годовая,Национальный, Заболеваемость алкогольной зависимостью на 100 000 населения по полу и территории ,Ошская область,,На 100 000 населения,27.2
2014,Годовая,Национальный, Заболеваемость алкогольной зависимостью на 100 000 населения по полу и территории ,Ошская область,,На 100 000 населения,24.7
2015,Годовая,Национальный, Заболеваемость алкогольной зависимостью на 100 000 населения по полу и территории ,Ошская область,,На 100 000 населения,29.3
2016,Годовая,Национальный, Заболеваемость алкогольной зависимостью на 100 000 населения по полу и территории ,Ошская область,,На 100 000 населения,25.1
2017,Годовая,Национальный, Заболеваемость алкогольной зависимостью на 100 000 населения по полу и территории ,Ошская область,,На 100 000 населения,26.2
2018,Годовая,Национальный, Заболеваемость алкогольной зависимостью на 100 000 населения по полу и территории ,Ошская область,,На 100 000 населения,23.2
2019,Годовая,Национальный, Заболеваемость алкогольной зависимостью на 100 000 населения по полу и территории ,Ошская область,,На 100 000 населения,20.960059
2010,Годовая,Национальный, Заболеваемость алкогольной зависимостью на 100 000 населения по полу и территории ,Ошская область,Женщины,На 100 000 населения,2.9
2013,Годовая,Национальный, Заболеваемость алкогольной зависимостью на 100 000 населения по полу и территории ,Ошская область,Женщины,На 100 000 населения,3.4
2014,Годовая,Национальный, Заболеваемость алкогольной зависимостью на 100 000 населения по полу и территории ,Ошская область,Женщины,На 100 000 населения,1.3
2015,Годовая,Национальный, Заболеваемость алкогольной зависимостью на 100 000 населения по полу и территории ,Ошская область,Женщины,На 100 000 населения,2.9
2016,Годовая,Национальный, Заболеваемость алкогольной зависимостью на 100 000 населения по полу и территории ,Ошская область,Женщины,На 100 000 населения,3.6
2017,Годовая,Национальный, Заболеваемость алкогольной зависимостью на 100 000 населения по полу и территории ,Ошская область,Женщины,На 100 000 населения,4.2
2018,Годовая,Национальный, Заболеваемость алкогольной зависимостью на 100 000 населения по полу и территории ,Ошская область,Женщины,На 100 000 населения,2.1
2019,Годовая,Национальный, Заболеваемость алкогольной зависимостью на 100 000 населения по полу и территории ,Ошская область,Женщины,На 100 000 населения,1.940293
2010,Годовая,Национальный, Заболеваемость алкогольной зависимостью на 100 000 населения по полу и территории ,Ошская область,Мужчины,На 100 000 населения,66.7
2013,Годовая,Национальный, Заболеваемость алкогольной зависимостью на 100 000 населения по полу и территории ,Ошская область,Мужчины,На 100 000 населения,50.7
2014,Годовая,Национальный, Заболеваемость алкогольной зависимостью на 100 000 населения по полу и территории ,Ошская область,Мужчины,На 100 000 населения,47.7
2015,Годовая,Национальный, Заболеваемость алкогольной зависимостью на 100 000 населения по полу и территории ,Ошская область,Мужчины,На 100 000 населения,55.2
2016,Годовая,Национальный, Заболеваемость алкогольной зависимостью на 100 000 населения по полу и территории ,Ошская область,Мужчины,На 100 000 населения,46.2
2017,Годовая,Национальный, Заболеваемость алкогольной зависимостью на 100 000 населения по полу и территории ,Ошская область,Мужчины,На 100 000 населения,47.8
2018,Годовая,Национальный, Заболеваемость алкогольной зависимостью на 100 000 населения по полу и территории ,Ошская область,Мужчины,На 100 000 населения,43.8
2019,Годовая,Национальный, Заболеваемость алкогольной зависимостью на 100 000 населения по полу и территории ,Ошская область,Мужчины,На 100 000 населения,39.564585
2010,Годовая,Национальный, Заболеваемость алкогольной зависимостью на 100 000 населения по полу и территории ,Таласская область,,На 100 000 населения,43.0
2013,Годовая,Национальный, Заболеваемость алкогольной зависимостью на 100 000 населения по полу и территории ,Таласская область,,На 100 000 населения,40.2
2014,Годовая,Национальный, Заболеваемость алкогольной зависимостью на 100 000 населения по полу и территории ,Таласская область,,На 100 000 населения,41.6
2015,Годовая,Национальный, Заболеваемость алкогольной зависимостью на 100 000 населения по полу и территории ,Таласская область,,На 100 000 населения,18.9
2016,Годовая,Национальный, Заболеваемость алкогольной зависимостью на 100 000 населения по полу и территории ,Таласская область,,На 100 000 населения,24.5
2017,Годовая,Национальный, Заболеваемость алкогольной зависимостью на 100 000 населения по полу и территории ,Таласская область,,На 100 000 населения,40.1
2018,Годовая,Национальный, Заболеваемость алкогольной зависимостью на 100 000 населения по полу и территории ,Таласская область,,На 100 000 населения,26.0
2019,Годовая,Национальный, Заболеваемость алкогольной зависимостью на 100 000 населения по полу и территории ,Таласская область,,На 100 000 населения,27.882862
2010,Годовая,Национальный, Заболеваемость алкогольной зависимостью на 100 000 населения по полу и территории ,Таласская область,Женщины,На 100 000 населения,2.6
2013,Годовая,Национальный, Заболеваемость алкогольной зависимостью на 100 000 населения по полу и территории ,Таласская область,Женщины,На 100 000 населения,5.0
2014,Годовая,Национальный, Заболеваемость алкогольной зависимостью на 100 000 населения по полу и территории ,Таласская область,Женщины,На 100 000 населения,7.4
2015,Годовая,Национальный, Заболеваемость алкогольной зависимостью на 100 000 населения по полу и территории ,Таласская область,Женщины,На 100 000 населения,4.0
2016,Годовая,Национальный, Заболеваемость алкогольной зависимостью на 100 000 населения по полу и территории ,Таласская область,Женщины,На 100 000 населения,8.0
2017,Годовая,Национальный, Заболеваемость алкогольной зависимостью на 100 000 населения по полу и территории ,Таласская область,Женщины,На 100 000 населения,7.1
2018,Годовая,Национальный, Заболеваемость алкогольной зависимостью на 100 000 населения по полу и территории ,Таласская область,Женщины,На 100 000 населения,3.1
2019,Годовая,Национальный, Заболеваемость алкогольной зависимостью на 100 000 населения по полу и территории ,Таласская область,Женщины,На 100 000 населения,5.334837
2010,Годовая,Национальный, Заболеваемость алкогольной зависимостью на 100 000 населения по полу и территории ,Таласская область,Мужчины,На 100 000 населения,83.1
2013,Годовая,Национальный, Заболеваемость алкогольной зависимостью на 100 000 населения по полу и территории ,Таласская область,Мужчины,На 100 000 населения,74.9
2014,Годовая,Национальный, Заболеваемость алкогольной зависимостью на 100 000 населения по полу и территории ,Таласская область,Мужчины,На 100 000 населения,75.2
2015,Годовая,Национальный, Заболеваемость алкогольной зависимостью на 100 000 населения по полу и территории ,Таласская область,Мужчины,На 100 000 населения,33.4
2016,Годовая,Национальный, Заболеваемость алкогольной зависимостью на 100 000 населения по полу и территории ,Таласская область,Мужчины,На 100 000 населения,40.7
2017,Годовая,Национальный, Заболеваемость алкогольной зависимостью на 100 000 населения по полу и территории ,Таласская область,Мужчины,На 100 000 населения,72.4
2018,Годовая,Национальный, Заболеваемость алкогольной зависимостью на 100 000 населения по полу и территории ,Таласская область,Мужчины,На 100 000 населения,48.5
2019,Годовая,Национальный, Заболеваемость алкогольной зависимостью на 100 000 населения по полу и территории ,Таласская область,Мужчины,На 100 000 населения,49.93181
2010,Годовая,Национальный, Заболеваемость алкогольной зависимостью на 100 000 населения по полу и территории ,Чуйская область,,На 100 000 населения,60.6
2013,Годовая,Национальный, Заболеваемость алкогольной зависимостью на 100 000 населения по полу и территории ,Чуйская область,,На 100 000 населения,51.1
2014,Годовая,Национальный, Заболеваемость алкогольной зависимостью на 100 000 населения по полу и территории ,Чуйская область,,На 100 000 населения,36.0
2015,Годовая,Национальный, Заболеваемость алкогольной зависимостью на 100 000 населения по полу и территории ,Чуйская область,,На 100 000 населения,30.0
2016,Годовая,Национальный, Заболеваемость алкогольной зависимостью на 100 000 населения по полу и территории ,Чуйская область,,На 100 000 населения,50.5
2017,Годовая,Национальный, Заболеваемость алкогольной зависимостью на 100 000 населения по полу и территории ,Чуйская область,,На 100 000 населения,32.8
2018,Годовая,Национальный, Заболеваемость алкогольной зависимостью на 100 000 населения по полу и территории ,Чуйская область,,На 100 000 населения,26.4
2019,Годовая,Национальный, Заболеваемость алкогольной зависимостью на 100 000 населения по полу и территории ,Чуйская область,,На 100 000 населения,32.298484
2010,Годовая,Национальный, Заболеваемость алкогольной зависимостью на 100 000 населения по полу и территории ,Чуйская область,Женщины,На 100 000 населения,20.1
2013,Годовая,Национальный, Заболеваемость алкогольной зависимостью на 100 000 населения по полу и территории ,Чуйская область,Женщины,На 100 000 населения,16.1
2014,Годовая,Национальный, Заболеваемость алкогольной зависимостью на 100 000 населения по полу и территории ,Чуйская область,Женщины,На 100 000 населения,10.5
2015,Годовая,Национальный, Заболеваемость алкогольной зависимостью на 100 000 населения по полу и территории ,Чуйская область,Женщины,На 100 000 населения,10.5
2016,Годовая,Национальный, Заболеваемость алкогольной зависимостью на 100 000 населения по полу и территории ,Чуйская область,Женщины,На 100 000 населения,16.3
2017,Годовая,Национальный, Заболеваемость алкогольной зависимостью на 100 000 населения по полу и территории ,Чуйская область,Женщины,На 100 000 населения,12.1
2018,Годовая,Национальный, Заболеваемость алкогольной зависимостью на 100 000 населения по полу и территории ,Чуйская область,Женщины,На 100 000 населения,8.2
2019,Годовая,Национальный, Заболеваемость алкогольной зависимостью на 100 000 населения по полу и территории ,Чуйская область,Женщины,На 100 000 населения,13.268429
2010,Годовая,Национальный, Заболеваемость алкогольной зависимостью на 100 000 населения по полу и территории ,Чуйская область,Мужчины,На 100 000 населения,102.6
2013,Годовая,Национальный, Заболеваемость алкогольной зависимостью на 100 000 населения по полу и территории ,Чуйская область,Мужчины,На 100 000 населения,87.2
2014,Годовая,Национальный, Заболеваемость алкогольной зависимостью на 100 000 населения по полу и территории ,Чуйская область,Мужчины,На 100 000 населения,62.2
2015,Годовая,Национальный, Заболеваемость алкогольной зависимостью на 100 000 населения по полу и территории ,Чуйская область,Мужчины,На 100 000 населения,50.1
2016,Годовая,Национальный, Заболеваемость алкогольной зависимостью на 100 000 населения по полу и территории ,Чуйская область,Мужчины,На 100 000 населения,85.9
2017,Годовая,Национальный, Заболеваемость алкогольной зависимостью на 100 000 населения по полу и территории ,Чуйская область,Мужчины,На 100 000 населения,54.3
2018,Годовая,Национальный, Заболеваемость алкогольной зависимостью на 100 000 населения по полу и территории ,Чуйская область,Мужчины,На 100 000 населения,45.1
2019,Годовая,Национальный, Заболеваемость алкогольной зависимостью на 100 000 населения по полу и территории ,Чуйская область,Мужчины,На 100 000 населения,51.905221
2010,Годовая,Национальный, Заболеваемость алкогольной зависимостью на 100 000 населения по полу и территории ,г. Бишкек,,На 100 000 населения,164.9
2013,Годовая,Национальный, Заболеваемость алкогольной зависимостью на 100 000 населения по полу и территории ,г. Бишкек,,На 100 000 населения,44.7
2014,Годовая,Национальный, Заболеваемость алкогольной зависимостью на 100 000 населения по полу и территории ,г. Бишкек,,На 100 000 населения,40.7
2015,Годовая,Национальный, Заболеваемость алкогольной зависимостью на 100 000 населения по полу и территории ,г. Бишкек,,На 100 000 населения,36.4
2016,Годовая,Национальный, Заболеваемость алкогольной зависимостью на 100 000 населения по полу и территории ,г. Бишкек,,На 100 000 населения,48.6
2017,Годовая,Национальный, Заболеваемость алкогольной зависимостью на 100 000 населения по полу и территории ,г. Бишкек,,На 100 000 населения,35.1
2018,Годовая,Национальный, Заболеваемость алкогольной зависимостью на 100 000 населения по полу и территории ,г. Бишкек,,На 100 000 населения,29.7
2019,Годовая,Национальный, Заболеваемость алкогольной зависимостью на 100 000 населения по полу и территории ,г. Бишкек,,На 100 000 населения,29.118376
2010,Годовая,Национальный, Заболеваемость алкогольной зависимостью на 100 000 населения по полу и территории ,г. Бишкек,Женщины,На 100 000 населения,50.1
2013,Годовая,Национальный, Заболеваемость алкогольной зависимостью на 100 000 населения по полу и территории ,г. Бишкек,Женщины,На 100 000 населения,19.0
2014,Годовая,Национальный, Заболеваемость алкогольной зависимостью на 100 000 населения по полу и территории ,г. Бишкек,Женщины,На 100 000 населения,13.1
2015,Годовая,Национальный, Заболеваемость алкогольной зависимостью на 100 000 населения по полу и территории ,г. Бишкек,Женщины,На 100 000 населения,11.1
2016,Годовая,Национальный, Заболеваемость алкогольной зависимостью на 100 000 населения по полу и территории ,г. Бишкек,Женщины,На 100 000 населения,10.8
2017,Годовая,Национальный, Заболеваемость алкогольной зависимостью на 100 000 населения по полу и территории ,г. Бишкек,Женщины,На 100 000 населения,16.5
2018,Годовая,Национальный, Заболеваемость алкогольной зависимостью на 100 000 населения по полу и территории ,г. Бишкек,Женщины,На 100 000 населения,9.1
2019,Годовая,Национальный, Заболеваемость алкогольной зависимостью на 100 000 населения по полу и территории ,г. Бишкек,Женщины,На 100 000 населения,9.227646
2010,Годовая,Национальный, Заболеваемость алкогольной зависимостью на 100 000 населения по полу и территории ,г. Бишкек,Мужчины,На 100 000 населения,297.5
2013,Годовая,Национальный, Заболеваемость алкогольной зависимостью на 100 000 населения по полу и территории ,г. Бишкек,Мужчины,На 100 000 населения,74.3
2014,Годовая,Национальный, Заболеваемость алкогольной зависимостью на 100 000 населения по полу и территории ,г. Бишкек,Мужчины,На 100 000 населения,72.3
2015,Годовая,Национальный, Заболеваемость алкогольной зависимостью на 100 000 населения по полу и территории ,г. Бишкек,Мужчины,На 100 000 населения,65.3
2016,Годовая,Национальный, Заболеваемость алкогольной зависимостью на 100 000 населения по полу и территории ,г. Бишкек,Мужчины,На 100 000 населения,91.6
2017,Годовая,Национальный, Заболеваемость алкогольной зависимостью на 100 000 населения по полу и территории ,г. Бишкек,Мужчины,На 100 000 населения,56.3
2018,Годовая,Национальный, Заболеваемость алкогольной зависимостью на 100 000 населения по полу и территории ,г. Бишкек,Мужчины,На 100 000 населения,53.0
2019,Годовая,Национальный, Заболеваемость алкогольной зависимостью на 100 000 населения по полу и территории ,г. Бишкек,Мужчины,На 100 000 населения,51.650669
2010,Годовая,Национальный, Заболеваемость алкогольной зависимостью на 100 000 населения по полу и территории ,г. Ош,,На 100 000 населения,29.9
2013,Годовая,Национальный, Заболеваемость алкогольной зависимостью на 100 000 населения по полу и территории ,г. Ош,,На 100 000 населения,18.3
2014,Годовая,Национальный, Заболеваемость алкогольной зависимостью на 100 000 населения по полу и территории ,г. Ош,,На 100 000 населения,22.0
2015,Годовая,Национальный, Заболеваемость алкогольной зависимостью на 100 000 населения по полу и территории ,г. Ош,,На 100 000 населения,19.8
2016,Годовая,Национальный, Заболеваемость алкогольной зависимостью на 100 000 населения по полу и территории ,г. Ош,,На 100 000 населения,16.9
2017,Годовая,Национальный, Заболеваемость алкогольной зависимостью на 100 000 населения по полу и территории ,г. Ош,,На 100 000 населения,11.6
2018,Годовая,Национальный, Заболеваемость алкогольной зависимостью на 100 000 населения по полу и территории ,г. Ош,,На 100 000 населения,25.2
2019,Годовая,Национальный, Заболеваемость алкогольной зависимостью на 100 000 населения по полу и территории ,г. Ош,,На 100 000 населения,9.477341
2010,Годовая,Национальный, Заболеваемость алкогольной зависимостью на 100 000 населения по полу и территории ,г. Ош,Женщины,На 100 000 населения,4.5
2013,Годовая,Национальный, Заболеваемость алкогольной зависимостью на 100 000 населения по полу и территории ,г. Ош,Женщины,На 100 000 населения,2.9
2014,Годовая,Национальный, Заболеваемость алкогольной зависимостью на 100 000 населения по полу и территории ,г. Ош,Женщины,На 100 000 населения,5.8
2015,Годовая,Национальный, Заболеваемость алкогольной зависимостью на 100 000 населения по полу и территории ,г. Ош,Женщины,На 100 000 населения,2.8
2016,Годовая,Национальный, Заболеваемость алкогольной зависимостью на 100 000 населения по полу и территории ,г. Ош,Женщины,На 100 000 населения,2.1
2017,Годовая,Национальный, Заболеваемость алкогольной зависимостью на 100 000 населения по полу и территории ,г. Ош,Женщины,На 100 000 населения,2.0
2018,Годовая,Национальный, Заболеваемость алкогольной зависимостью на 100 000 населения по полу и территории ,г. Ош,Женщины,На 100 000 населения,4.0
2019,Годовая,Национальный, Заболеваемость алкогольной зависимостью на 100 000 населения по полу и территории ,г. Ош,Женщины,На 100 000 населения,3.171502
2010,Годовая,Национальный, Заболеваемость алкогольной зависимостью на 100 000 населения по полу и территории ,г. Ош,Мужчины,На 100 000 населения,57.5
2013,Годовая,Национальный, Заболеваемость алкогольной зависимостью на 100 000 населения по полу и территории ,г. Ош,Мужчины,На 100 000 населения,34.8
2014,Годовая,Национальный, Заболеваемость алкогольной зависимостью на 100 000 населения по полу и территории ,г. Ош,Мужчины,На 100 000 населения,39.6
2015,Годовая,Национальный, Заболеваемость алкогольной зависимостью на 100 000 населения по полу и территории ,г. Ош,Мужчины,На 100 000 населения,38.0
2016,Годовая,Национальный, Заболеваемость алкогольной зависимостью на 100 000 населения по полу и территории ,г. Ош,Мужчины,На 100 000 населения,32.7
2017,Годовая,Национальный, Заболеваемость алкогольной зависимостью на 100 000 населения по полу и территории ,г. Ош,Мужчины,На 100 000 населения,21.8
2018,Годовая,Национальный, Заболеваемость алкогольной зависимостью на 100 000 населения по полу и территории ,г. Ош,Мужчины,На 100 000 населения,47.8
2019,Годовая,Национальный, Заболеваемость алкогольной зависимостью на 100 000 населения по полу и территории ,г. Ош,Мужчины,На 100 000 населения,16.179157
